sqft_living,bedrooms,bathrooms,floors,sqft_lot,sqft_above,sqft_basement,yr_built,age,condition,grade,waterfront,view,price
2397,3,4.8,2.0,3852,2150,247,1942,82,2,6,0,0,464866
1889,1,4.4,1.5,4766,1803,85,2016,8,2,11,0,0,383940
2518,5,1.3,1.0,31486,1985,532,1920,104,5,5,0,3,475900
3218,2,4.1,2.5,1000,2872,346,1990,34,3,4,0,2,407918
1812,6,2.1,1.5,11898,1296,515,1961,63,3,7,0,0,363336
1812,3,2.6,1.0,2886,1530,282,1945,79,3,10,0,3,360748
3263,4,2.4,2.0,4254,2546,716,1969,55,3,9,1,1,801455
2613,2,1.8,2.0,25303,2128,485,1937,87,4,6,0,0,460823
1624,1,3.5,1.0,8580,1309,314,1948,76,1,6,0,3,315483
2434,3,2.6,1.0,50000,1747,686,1974,50,3,6,0,4,558649
1629,5,2.0,1.0,13379,1368,260,2010,14,1,6,0,1,336489
1627,3,1.2,3.0,4172,1624,2,2004,20,2,8,0,2,400109
2193,2,1.6,1.0,12659,1732,461,2016,8,5,5,0,0,410884
500,3,1.0,2.0,20009,460,39,1980,44,2,7,0,0,362062
620,3,2.5,2.5,12302,535,84,2019,5,3,9,0,3,440969
1550,2,1.3,1.0,6820,1236,313,1938,86,2,9,0,2,392235
1189,2,2.2,3.0,2094,864,324,1970,54,4,9,0,4,394294
2251,3,3.9,2.5,6260,1721,529,1929,95,1,7,0,1,436729
1273,2,3.7,2.5,30763,1190,83,1920,104,3,5,0,2,411918
870,1,2.5,1.0,4283,681,188,1900,124,4,11,0,0,305004
3172,2,2.4,2.0,5828,2358,814,1988,36,1,11,0,3,599584
1819,4,4.4,2.0,17937,1454,364,1931,93,4,4,0,4,398186
2054,4,3.0,3.0,13303,1797,256,1907,117,2,10,0,3,439453
860,4,2.2,1.0,2841,783,76,1968,56,3,11,0,1,340923
1564,3,1.1,2.0,7428,1276,287,1929,95,2,10,0,2,239178
2088,3,2.9,1.5,24973,1774,314,2014,10,5,5,0,3,488274
1079,1,3.3,1.0,8276,902,176,1907,117,3,6,0,3,268804
2300,4,1.9,1.5,25463,1616,683,2012,12,2,10,0,0,564458
1519,2,2.8,2.0,26641,1243,275,1918,106,3,6,0,3,435330
1766,2,2.1,2.0,3857,1547,218,2007,17,1,5,0,4,491496
1518,2,2.3,2.0,6399,1322,195,1958,66,3,5,0,2,350377
3481,6,1.0,3.0,13712,3220,261,1954,70,3,7,0,1,583207
1989,1,2.3,1.5,2368,1792,196,1929,95,1,7,0,3,324522
1153,2,3.5,2.0,6778,903,250,1978,46,2,8,0,4,315532
2658,2,1.9,1.5,12543,2064,593,1935,89,3,9,0,1,522629
1023,2,2.6,1.5,4925,858,164,1954,70,4,8,0,4,341597
2167,5,1.7,2.0,12971,1993,173,1943,81,3,9,0,3,504557
500,3,2.9,2.5,5013,364,135,1926,98,2,6,0,3,237361
937,1,2.3,2.0,4969,922,14,1976,48,1,8,0,2,286168
2157,3,1.6,2.0,14696,1861,295,1977,47,2,8,0,0,436013
2590,5,3.8,1.0,24207,2051,539,2000,24,5,4,0,4,579083
2137,4,3.4,1.0,4588,1940,196,1953,71,3,5,0,0,435855
1907,4,1.9,2.0,3074,1360,546,1947,77,3,7,0,0,310207
1759,5,3.0,1.0,7865,1487,272,1929,95,1,8,0,1,413412
817,2,3.0,1.0,11772,691,126,1938,86,3,7,0,1,213416
1424,3,3.1,2.0,4552,1066,358,2010,14,4,9,0,4,481722
1631,2,1.0,1.0,30593,1551,79,1912,112,4,8,0,0,384346
2845,6,3.5,1.0,7204,2672,173,1915,109,2,9,0,2,533246
2274,3,1.9,2.0,4521,1696,578,1943,81,1,11,0,0,438110
589,4,2.1,2.0,38000,477,112,1970,54,5,11,0,1,421935
2259,5,5.1,2.5,22319,1649,609,2011,13,2,8,0,0,598182
1691,4,2.8,2.0,4528,1615,76,2018,6,1,11,0,3,522400
1458,3,2.1,1.5,19028,1162,296,2018,6,1,10,0,3,484377
2489,3,1.0,2.5,4794,2070,418,1926,98,2,6,0,2,329701
2824,1,3.9,2.0,14973,2251,572,1944,80,2,4,0,4,499582
2745,4,1.2,1.0,33585,2176,568,2018,6,3,9,0,0,446106
1328,4,1.5,1.0,3080,1227,100,1934,90,5,5,0,3,209936
1752,3,2.2,2.0,5269,1619,132,1978,46,4,5,0,4,446527
2265,2,3.9,2.0,5363,1937,327,1927,97,3,6,0,3,355126
2780,5,3.3,2.0,10021,2494,285,1998,26,1,11,0,4,600228
1616,1,2.3,2.0,11833,1379,236,1906,118,5,6,0,4,431681
1851,6,2.8,2.0,7545,1311,539,1961,63,5,11,0,3,555050
1114,3,1.9,3.0,2110,802,312,2013,11,2,10,0,1,382207
1043,4,2.6,2.0,3026,850,192,2009,15,5,5,0,4,354729
2650,2,2.6,1.0,3996,2451,198,2013,11,5,9,0,0,522388
3084,1,3.5,2.0,12681,3004,80,1950,74,1,5,0,3,452633
1942,4,3.5,1.0,2654,1376,565,1945,79,3,4,0,1,333075
2802,3,3.0,2.0,3901,2271,531,1919,105,5,8,0,3,524817
2289,4,2.1,3.0,3271,1756,533,1995,29,2,11,0,2,524657
1483,3,3.2,2.0,10647,1401,82,1937,87,3,4,0,0,296919
2289,1,2.4,2.0,20038,2183,105,1960,64,2,10,0,2,371291
3230,1,1.4,2.0,9166,2461,769,2003,21,5,10,1,4,890389
1971,3,2.1,1.5,39926,1800,171,1931,93,3,11,0,4,581300
3251,2,2.6,1.5,9165,2990,261,1925,99,5,11,0,2,585066
500,6,3.4,2.0,7515,376,123,1957,67,1,5,0,2,306104
2657,2,2.3,2.0,4327,2206,451,1938,86,3,8,0,4,468226
2069,4,1.3,2.0,9531,1833,235,1919,105,2,5,0,1,363764
1760,3,2.6,1.0,4182,1246,514,1981,43,1,4,0,0,210133
2073,6,2.6,2.0,3702,1703,370,1949,75,4,4,0,3,429283
500,5,2.7,2.0,3618,373,126,1978,46,2,11,0,2,325456
1824,4,3.4,2.0,6772,1573,250,1951,73,5,9,0,0,456671
2285,1,3.5,2.0,5431,2177,107,1985,39,2,9,0,3,563209
3182,6,1.9,2.0,50000,2728,453,2014,10,4,4,0,3,640914
1585,1,1.9,2.0,9580,1126,458,1921,103,2,8,0,2,311580
1353,2,1.5,1.5,9455,959,393,1952,72,1,11,0,1,330307
1598,1,3.2,2.5,5210,1409,189,1984,40,2,10,0,1,329954
2732,3,3.9,1.0,50000,2181,550,1965,59,3,9,1,0,823176
2263,2,2.2,3.0,3869,1972,290,2003,21,4,9,0,0,493033
1576,1,2.3,1.0,5547,1180,395,2016,8,2,7,0,4,381862
2410,1,4.0,1.0,18022,2249,161,1942,82,4,7,0,1,511602
2077,1,3.0,2.5,9526,1990,86,1981,43,1,9,0,0,464371
2774,1,2.9,1.0,2926,2682,92,1922,102,3,5,0,4,439878
1438,5,1.3,2.0,8281,1138,300,1976,48,5,8,0,3,445308
1737,2,3.2,2.0,13957,1560,176,1963,61,2,6,0,0,467515
1686,6,1.6,2.5,12205,1321,364,2004,20,1,9,0,4,423001
829,2,1.4,3.0,13752,770,59,1908,116,4,7,0,1,301570
2236,5,2.2,1.0,46562,1646,590,2012,12,4,8,0,3,592453
2208,2,1.9,2.0,10069,2051,157,1906,118,1,8,0,0,423022
2004,1,2.3,1.0,15313,1667,336,1940,84,2,7,0,1,333536
1812,1,1.1,1.5,1165,1733,78,1953,71,5,11,0,3,436462
867,2,3.5,2.0,36042,799,67,1964,60,2,8,0,2,336756
1663,3,3.6,1.5,8535,1352,311,1901,123,3,11,0,1,330484
1725,2,1.0,2.0,4046,1675,49,1903,121,2,8,0,2,395394
1358,1,3.5,2.0,6931,1066,292,1977,47,3,7,0,0,311633
1870,5,1.7,2.0,13766,1852,18,1931,93,4,4,0,4,351347
2323,5,3.4,3.0,18542,2160,162,1999,25,3,9,0,0,508417
3508,2,2.4,1.0,7508,3499,9,1901,123,5,5,0,1,592106
2139,1,2.5,2.0,13110,1532,607,2003,21,1,11,0,2,548144
2206,3,2.3,2.5,6564,1725,480,2013,11,3,6,0,2,434545
1940,1,3.7,2.0,12007,1789,150,2014,10,2,5,0,3,456808
500,2,1.3,1.0,9556,488,11,1963,61,3,4,0,0,118748
1978,6,3.1,2.0,10307,1402,576,1913,111,4,10,0,0,495787
2048,6,3.6,1.5,6318,1433,614,1919,105,3,4,0,1,364946
3970,3,3.2,1.0,11191,3084,885,1988,36,5,8,1,2,896491
1846,3,4.8,2.0,4182,1764,81,2005,19,3,5,0,1,342156
2241,3,2.0,2.0,9468,2084,156,1948,76,5,11,0,1,469868
1972,1,3.5,2.5,4877,1581,390,1907,117,2,11,0,2,436932
1065,3,2.4,2.0,3659,746,318,1991,33,4,4,0,1,291799
2914,4,3.7,2.0,4608,2524,389,1962,62,1,5,0,2,407502
2601,4,2.5,1.0,6860,2006,594,1945,79,2,4,0,1,358167
2632,1,2.1,1.5,5309,2431,200,1920,104,2,6,0,4,442253
1272,3,3.8,1.0,11125,1061,211,1986,38,1,4,0,1,317891
3122,1,2.0,2.5,8636,2821,301,1931,93,3,5,0,1,483396
878,2,1.1,1.0,18245,839,38,1907,117,3,8,0,4,306661
2469,4,2.0,1.0,7573,2125,343,1994,30,3,5,0,0,374182
3752,6,3.1,2.0,9363,3004,747,2000,24,4,7,0,2,646055
1207,3,3.9,1.0,36052,1124,83,1915,109,2,5,0,3,383292
1546,2,2.6,1.0,5704,1205,341,1939,85,5,6,0,4,317687
2079,4,3.8,2.0,6450,2012,67,2005,19,1,9,0,0,407343
1597,2,1.1,1.0,21221,1152,444,1926,98,2,6,0,1,300142
759,4,2.1,1.0,3768,721,37,2003,21,3,6,0,0,282406
2054,2,2.2,1.5,23209,1494,560,2004,20,1,4,0,4,320432
1150,6,2.4,2.0,6704,824,325,1917,107,5,6,0,1,318580
2378,2,2.6,2.0,4160,1924,454,1934,90,2,5,0,0,390896
1264,1,3.2,1.5,16716,1247,16,2012,12,2,11,0,3,470009
3239,5,2.1,2.0,6628,3223,16,1951,73,4,9,0,2,536390
1373,3,2.6,1.5,34871,1044,328,1914,110,2,11,1,2,652764
1742,2,2.5,2.5,8646,1297,445,1962,62,2,10,0,4,489534
2650,5,1.6,1.0,8596,2136,514,1952,72,5,8,0,1,535220
1015,4,2.4,2.0,5070,813,201,1990,34,5,10,0,1,369871
2181,4,2.4,2.5,7205,2024,157,1980,44,1,6,0,2,299191
3045,6,2.3,2.0,6515,2537,508,2003,21,3,11,0,0,617591
714,2,2.5,1.0,23508,666,47,1965,59,5,5,0,1,365821
2147,2,2.6,1.0,10215,1985,161,2012,12,1,4,0,3,434038
2207,5,2.1,2.0,14248,1928,279,2013,11,2,4,0,3,482531
2625,4,3.8,1.0,8767,2494,131,1930,94,1,8,0,1,483094
1010,3,1.3,2.0,5832,766,243,1960,64,1,8,0,1,325504
943,2,1.8,2.0,10902,706,237,1963,61,1,5,0,2,262515
2417,4,5.3,2.0,28928,2236,180,2000,24,1,8,0,4,499496
2237,4,1.5,1.0,3502,1730,506,2004,20,5,11,0,2,567271
2200,5,1.1,2.0,11334,1542,658,2004,20,3,11,0,4,501844
2277,1,3.2,2.0,26829,2217,60,1997,27,1,8,0,3,499752
1455,2,1.0,2.0,4222,1291,164,1933,91,4,4,0,4,330501
2185,1,2.3,1.0,16942,1821,363,2014,10,2,5,0,2,373976
2234,4,4.6,1.0,16958,2050,183,1954,70,2,9,0,1,452776
1428,1,1.0,1.5,2877,1142,285,1958,66,2,8,0,4,351964
3492,3,1.0,1.0,19699,3444,48,1902,122,2,5,0,2,436982
2379,1,1.0,2.0,5037,1714,664,1916,108,2,6,0,3,359353
1046,2,3.4,2.5,10797,934,112,1977,47,1,4,0,4,352683
2525,5,3.6,1.5,18385,2356,168,1977,47,3,9,0,3,653990
1220,4,2.0,2.0,21164,1025,194,1945,79,4,11,0,3,350583
2629,3,3.2,1.0,2371,2436,193,1937,87,5,4,0,0,406021
2926,3,3.9,1.0,33890,2862,64,1934,90,4,4,1,4,812323
1343,5,4.3,1.0,25193,1240,103,1900,124,5,11,0,2,457135
2770,3,2.3,1.5,18798,2196,574,2011,13,5,7,0,4,614065
2330,2,1.0,2.5,10820,2023,306,1928,96,4,5,0,4,452527
2657,1,1.7,1.0,5718,2587,70,1903,121,1,11,0,3,431338
3517,2,2.1,2.0,3406,2936,581,1960,64,2,6,0,3,549084
1803,1,2.2,2.0,2210,1631,172,1996,28,1,8,1,3,608877
1397,2,2.3,2.5,13570,1173,224,1916,108,2,6,0,3,365532
1288,1,3.6,1.0,18791,948,339,1927,97,3,5,1,2,430946
1347,3,3.8,1.0,7572,966,380,1949,75,5,11,0,1,493637
1938,3,2.3,1.0,5603,1910,27,1989,35,4,4,0,0,391805
2272,6,3.6,1.5,8569,2008,264,1907,117,3,11,0,3,475888
2221,5,2.9,1.0,4854,1624,597,1933,91,2,7,0,3,432818
2661,6,2.6,2.5,8244,2547,113,1958,66,1,5,0,0,487522
2010,1,3.4,2.0,4636,1722,287,1917,107,4,9,0,3,379054
3162,2,2.6,2.0,13221,2946,216,1994,30,5,9,0,1,545080
1788,4,4.6,2.0,21918,1319,468,1958,66,3,5,0,4,453961
4176,2,1.1,1.0,12170,4059,116,1926,98,5,8,0,0,582065
2500,1,2.0,1.5,7597,2193,307,1915,109,2,6,0,2,400563
1314,4,2.4,3.0,17877,1211,103,1909,115,5,6,0,0,381431
1143,4,2.9,2.0,8226,811,332,2003,21,1,8,0,1,367984
2385,1,3.8,2.5,17428,1895,490,1975,49,3,7,0,2,482458
1821,4,2.5,2.0,4871,1420,400,1921,103,3,4,0,4,398876
2571,3,1.1,1.0,5402,2532,38,1915,109,1,10,0,3,449345
2378,1,3.3,1.0,3673,1797,581,1911,113,5,10,0,0,416555
1941,2,3.3,1.0,5583,1771,170,1974,50,1,4,0,2,401928
1322,1,1.0,1.5,17767,942,379,1983,41,4,9,0,0,233857
788,2,2.5,1.0,4034,598,189,1950,74,1,7,0,4,270524
1642,2,1.0,2.0,1282,1316,325,1900,124,5,8,0,0,301671
2685,3,1.8,2.0,5816,2519,165,1926,98,1,10,1,2,632523
2171,4,1.6,2.5,3168,2034,136,1966,58,2,5,0,1,390850
1003,4,3.3,2.0,5412,989,14,1911,113,1,11,0,2,372289
2138,1,2.6,2.5,43717,2085,53,1929,95,1,6,0,0,374089
2308,3,1.2,1.0,3979,1672,636,1908,116,5,11,0,4,419200
1292,1,3.4,1.0,13451,1226,65,1952,72,4,5,0,3,265596
2122,3,1.1,2.0,7599,1773,349,1960,64,4,6,0,3,502150
2046,1,2.8,1.0,10915,1964,82,1953,71,5,5,0,4,509623
1085,4,1.7,1.0,5391,789,296,1936,88,5,8,1,0,517111
2286,5,2.1,1.5,20518,2164,121,1964,60,5,8,0,4,470595
2448,1,3.0,1.0,11401,1831,617,1941,83,2,7,0,0,403961
2866,3,3.0,2.0,11657,2293,572,1948,76,3,5,0,2,372246
2843,3,3.8,1.5,8770,2014,828,1903,121,1,5,0,1,447132
897,3,2.4,2.0,22131,661,236,1963,61,5,7,0,0,285111
1249,2,2.8,2.0,12684,1041,207,1978,46,5,7,0,3,323928
2412,3,2.1,1.5,10902,2280,131,1950,74,5,11,0,3,588322
2411,3,2.7,1.0,13658,2247,163,1990,34,4,8,0,1,488936
2412,4,2.9,1.0,1982,1858,553,1971,53,5,11,0,0,566044
5082,3,2.4,1.5,9416,3788,1293,1959,65,1,8,0,1,768421
2456,1,1.0,2.0,7698,2006,450,1986,38,5,11,0,2,507596
2908,2,2.8,2.0,20637,2806,101,1978,46,1,9,1,1,736333
2763,4,2.9,2.0,4624,2010,753,1990,34,2,5,0,2,529450
2521,1,1.8,1.0,9517,2175,345,1930,94,3,11,0,3,464503
1747,4,1.2,2.0,37762,1270,477,2002,22,4,11,0,2,590268
2607,2,4.0,2.0,7938,2192,414,2010,14,1,8,0,0,388069
1381,1,3.0,2.0,2795,1019,361,1971,53,2,10,0,0,334395
1810,5,2.3,2.0,46126,1311,499,1993,31,3,8,0,0,511232
1611,6,1.4,2.0,4571,1220,391,1957,67,3,5,0,0,272007
2065,1,1.7,2.0,3526,1604,461,2018,6,3,7,0,4,449251
3851,6,3.8,2.0,3639,3015,836,2005,19,1,5,0,2,623599
506,4,2.6,1.0,14503,452,53,1981,43,2,10,0,0,276080
2549,3,1.9,2.0,22884,1826,722,1903,121,5,4,0,1,390887
709,3,3.0,1.0,33134,514,195,2010,14,2,5,0,1,271793
1622,1,1.7,1.0,8203,1227,394,2006,18,2,4,0,4,251609
2871,3,4.0,3.0,3679,2760,110,1921,103,2,11,0,2,633491
2051,3,3.9,3.0,5136,1822,228,1902,122,1,5,0,2,351687
1137,1,2.0,1.0,8323,1045,92,1978,46,1,10,0,2,265281
1427,1,1.9,1.5,7966,1158,269,1998,26,1,4,0,4,295162
2543,2,1.0,1.0,23078,1943,600,1946,78,2,4,0,2,413518
1415,4,1.0,2.0,2823,1007,408,1937,87,1,10,0,2,308089
2173,6,1.2,2.0,3319,1839,333,1932,92,3,5,0,0,352128
2036,3,2.6,3.0,6324,1776,260,1977,47,1,9,0,2,507520
1478,3,2.2,2.0,10887,1433,45,1947,77,4,8,0,0,305361
3715,2,1.2,1.5,5686,3583,131,1964,60,1,6,0,0,468626
2507,1,2.2,2.0,5328,2074,432,2016,8,1,8,0,2,360381
500,1,3.0,1.5,20722,413,86,2012,12,1,4,0,1,319188
2149,2,3.0,2.5,11820,1608,540,1925,99,1,11,0,3,504881
1470,6,1.0,2.5,3685,1142,327,1907,117,4,5,0,1,305948
2681,6,2.4,2.0,5389,2622,59,1949,75,5,5,0,2,456145
1365,3,1.1,1.5,12252,1013,351,1979,45,1,11,0,2,349451
1908,3,3.4,1.0,2954,1890,17,1937,87,3,5,0,1,340800
2403,2,3.3,1.0,12192,2046,357,1909,115,4,5,1,2,641352
2692,5,1.6,2.0,6154,2253,438,1941,83,5,9,0,0,455918
1039,3,1.7,2.0,10831,782,257,1936,88,1,6,0,4,264491
1732,2,2.0,1.5,8918,1556,175,1925,99,5,7,0,2,417519
1620,2,1.0,2.0,3314,1357,262,1991,33,3,4,0,2,387589
1477,2,2.8,2.0,4869,1198,278,1911,113,4,6,0,1,340687
3412,3,2.2,1.0,25794,2659,752,1983,41,4,8,0,0,567620
2323,1,3.5,2.5,50000,1673,650,1948,76,5,7,0,1,526200
991,6,1.4,2.5,2002,848,142,1913,111,1,7,0,1,286771
2734,4,1.9,2.5,18666,2170,563,1945,79,2,11,0,2,542400
3697,6,1.0,1.5,10264,3373,324,1934,90,4,5,0,0,578392
2825,2,1.5,1.0,42865,2591,234,1928,96,2,6,0,2,461260
784,5,1.3,1.5,5183,627,157,1911,113,4,11,0,2,415250
1612,2,3.5,1.5,16624,1452,160,2015,9,1,8,0,2,415573
3013,3,1.8,1.0,6360,2343,670,1981,43,1,5,0,2,428043
1433,6,2.6,2.0,22586,1316,117,1943,81,4,5,0,4,442001
2355,6,2.1,2.0,50000,1659,695,1965,59,5,10,0,3,588836
2619,5,1.2,2.5,9608,1952,666,1901,123,1,10,0,0,468040
1258,4,2.3,1.0,3257,973,285,1958,66,1,10,0,4,449405
1952,3,3.1,2.0,25111,1819,132,1916,108,3,9,0,3,412119
500,1,1.3,2.0,12738,359,140,1909,115,1,11,0,3,321928
1180,4,3.3,2.0,10964,892,287,1917,107,3,4,0,3,241561
1797,3,1.7,2.5,28755,1451,345,1921,103,1,7,0,4,449082
1001,4,2.0,2.0,3261,703,297,1982,42,1,8,0,0,248622
3305,2,3.0,2.5,4569,3070,235,1957,67,5,7,0,1,608782
855,2,1.8,1.5,13035,742,112,1952,72,5,6,0,3,271902
1647,4,2.5,2.0,4488,1598,49,1900,124,1,4,0,1,262010
2104,4,2.2,1.0,6292,1492,611,1987,37,4,5,0,1,360400
3153,1,2.6,1.0,22467,2463,689,1960,64,4,4,0,2,382077
851,2,1.0,1.0,11457,782,68,1999,25,1,5,0,1,173427
2930,4,1.0,1.0,3155,2644,285,1988,36,4,11,0,2,482135
2008,2,3.1,1.0,11230,1552,456,1999,25,1,10,0,0,340423
1214,3,3.5,1.0,21834,1067,147,1930,94,5,4,0,0,330902
2369,5,1.6,1.0,9294,2223,146,1930,94,2,5,0,2,478642
2159,2,2.3,2.5,16275,1533,626,1965,59,3,7,1,0,710181
1519,2,2.8,1.0,5358,1391,128,1918,106,4,10,0,3,338489
2055,2,3.2,2.0,9975,1594,461,1952,72,4,10,0,0,451936
1691,2,1.0,1.0,2295,1665,26,1975,49,5,10,0,2,467504
2090,4,1.6,2.5,13410,1801,289,1973,51,4,7,0,3,396530
2529,2,2.2,2.5,10808,1796,733,1994,30,1,7,0,1,509777
3268,2,3.2,2.0,2886,2683,585,2008,16,1,7,0,1,588702
1009,3,5.0,2.0,27356,999,10,1921,103,2,10,0,1,301857
3706,2,2.3,1.0,12796,3406,299,1922,102,2,4,0,2,386510
500,2,1.1,3.0,4655,395,104,2015,9,2,5,0,1,191192
1878,2,2.9,2.5,13696,1639,239,1986,38,1,7,0,0,434186
2470,5,3.8,2.5,3686,2173,297,1914,110,2,4,0,1,333265
2224,4,2.6,2.0,4117,1572,651,1925,99,2,5,0,4,303418
1501,4,1.6,1.5,3701,1131,369,1902,122,1,10,0,4,371204
1833,4,3.5,2.5,3617,1586,246,1986,38,5,4,0,1,427592
1605,4,3.2,1.0,11499,1317,287,1919,105,4,10,0,1,389501
1528,4,1.5,2.0,8739,1157,371,2008,16,3,9,0,4,409514
2679,1,2.9,1.0,14743,2496,182,1939,85,1,7,0,1,469509
2285,1,3.5,2.5,1000,1935,350,1938,86,1,6,0,3,349024
1445,4,3.7,1.0,5924,1146,299,2019,5,3,4,0,4,344400
2719,1,2.4,1.0,5991,2035,683,1971,53,3,7,0,2,477817
2245,4,2.1,2.0,8451,1983,261,1917,107,2,8,0,4,469564
2650,1,3.7,2.0,8278,2384,265,1940,84,3,5,0,0,409297
2503,2,1.3,2.0,9725,2255,248,1969,55,4,9,0,3,570892
1336,2,2.9,1.0,8699,1024,312,1926,98,4,7,0,2,373645
1551,1,1.1,1.0,5613,1363,188,1999,25,4,8,0,1,338314
2597,4,3.6,2.0,5886,2524,73,1914,110,4,4,0,0,355500
2488,6,2.2,3.0,7767,2005,482,1936,88,4,4,0,0,478564
1983,3,3.8,2.0,12133,1513,469,1957,67,2,8,0,3,506946
2093,4,3.0,2.0,8673,1950,143,1904,120,1,9,0,2,421652
3022,5,1.3,2.5,4323,2275,746,2002,22,3,8,0,0,545354
1526,3,3.9,1.5,4144,1184,341,1972,52,1,5,0,2,371393
2437,2,4.1,2.0,12184,1779,657,1906,118,3,4,0,2,490059
1838,3,3.4,2.0,14852,1434,403,1940,84,2,8,0,0,446625
1825,2,1.7,1.5,19087,1502,322,1983,41,2,6,1,2,606086
2879,2,2.2,2.0,5471,2070,808,1909,115,5,6,0,3,520741
2660,4,2.6,2.0,1804,2557,102,1961,63,5,8,0,0,555378
2650,1,1.8,1.5,10996,2264,386,1925,99,2,5,0,3,420553
3044,5,4.2,1.0,4571,2668,376,1967,57,2,4,0,3,558841
2016,2,2.6,1.0,7459,1636,380,2001,23,3,6,0,2,375947
2545,3,1.0,2.0,9123,2293,252,1923,101,2,8,0,2,489065
1751,6,2.8,1.0,12618,1453,298,1977,47,1,10,0,0,411105
2259,3,2.2,1.0,16556,2097,161,1940,84,3,8,0,1,393906
1895,3,2.4,2.0,20654,1794,101,1964,60,2,7,0,0,395830
2077,6,2.1,2.0,23282,1873,204,1916,108,3,8,0,3,415206
2476,3,3.3,2.0,8806,2098,377,2008,16,3,5,0,2,442005
1345,1,3.6,2.0,2098,1257,87,1923,101,4,6,0,3,341457
3673,1,2.8,2.5,4975,3116,557,1926,98,5,7,0,4,601482
1195,3,2.2,2.5,24996,876,318,1906,118,3,6,0,4,377398
1028,1,2.5,2.0,9127,755,272,1972,52,3,6,0,3,334749
2926,2,2.5,2.0,46290,2881,45,2006,18,4,5,0,1,587733
2633,1,1.7,1.5,5983,2012,621,1998,26,2,8,0,1,412680
2499,3,3.1,3.0,50000,2361,138,1911,113,3,5,0,0,535777
2502,1,3.0,1.0,8093,1937,565,1984,40,4,8,0,0,460373
1990,2,4.0,1.0,5791,1650,339,1902,122,1,7,1,0,562222
1282,4,3.8,1.5,4585,1149,132,1978,46,4,5,0,2,358425
2060,3,1.8,1.0,13737,1540,519,1984,40,5,5,0,1,489483
1458,4,3.3,3.0,2616,1343,114,1909,115,5,10,0,3,368619
2780,2,1.5,2.0,5219,2521,258,1932,92,2,9,0,4,473527
1882,2,3.2,2.0,7769,1624,258,1945,79,2,4,0,1,358780
1339,3,2.0,2.0,1331,1165,174,1958,66,5,5,0,1,309468
1742,1,1.5,2.0,7495,1275,467,1951,73,5,9,0,1,365695
2330,2,2.8,1.0,32093,1936,394,1905,119,3,11,0,0,403519
1549,4,1.0,2.0,11447,1124,424,1901,123,5,4,0,2,296949
1342,6,1.0,2.0,4786,1063,278,1928,96,2,10,0,3,398915
2194,4,2.3,1.5,5528,2129,65,2018,6,5,8,0,0,507064
2195,1,2.6,2.0,10611,1915,280,1939,85,2,11,0,2,453652
1594,4,2.1,1.0,5385,1471,123,1996,28,1,8,0,1,382073
1623,4,1.0,1.0,11788,1415,207,1960,64,5,8,0,2,346718
2185,1,1.7,1.0,5264,1657,528,1967,57,2,9,0,0,415293
841,5,2.9,1.5,3570,739,102,1967,57,4,9,0,1,349133
874,2,3.1,2.0,20840,809,64,1928,96,3,4,0,0,255570
1425,1,2.5,2.0,14288,1056,368,2000,24,2,8,0,3,375384
1829,4,3.7,1.5,1788,1728,100,1961,63,5,6,0,1,417993
2248,3,2.9,2.0,6188,1948,299,1959,65,5,11,0,2,554940
3180,3,1.8,2.0,18663,2230,950,1983,41,1,5,0,0,498915
2686,6,2.2,1.0,7094,2299,386,1940,84,4,9,0,4,462949
1872,4,1.1,1.0,5092,1532,339,1986,38,2,9,0,2,428654
1984,6,2.4,3.0,6620,1565,418,2008,16,4,9,0,2,490203
1197,3,3.6,2.0,8854,1115,82,1981,43,1,4,0,1,254777
1985,2,3.2,3.0,7018,1925,59,2012,12,3,8,0,2,526792
1769,3,3.9,1.5,7584,1643,125,1988,36,4,6,0,0,353479
2258,2,2.2,2.0,7187,2154,103,1964,60,1,5,1,4,557164
1338,5,3.8,1.0,3718,1301,36,2017,7,2,5,0,3,263379
2415,4,2.3,1.0,3568,2352,63,1963,61,3,8,0,4,559809
3226,3,4.0,2.0,3388,2369,856,1978,46,5,6,0,0,590526
1912,5,2.5,1.5,8718,1601,311,1962,62,1,4,0,1,335795
2321,3,3.2,1.0,12915,1625,696,1997,27,5,9,0,0,543215
2552,1,4.0,1.0,3815,2174,377,1947,77,3,9,0,2,372689
1679,3,2.3,1.0,2440,1640,38,1919,105,1,11,0,1,398645
2179,6,2.7,2.0,4035,1655,523,2017,7,1,11,0,3,495419
2010,3,3.8,2.0,24882,1792,217,1936,88,3,11,0,3,612291
2078,2,2.4,1.0,6307,1856,221,1963,61,2,10,0,0,438810
1381,5,1.2,1.0,6827,1033,348,1990,34,1,8,0,2,364050
2019,2,4.6,1.0,4280,1558,461,1985,39,3,5,0,3,379630
2398,4,2.0,2.0,12802,2011,387,2014,10,4,9,0,4,515174
3160,1,2.7,1.0,7341,2391,769,1904,120,5,10,0,1,565282
2767,3,3.7,2.0,4530,2422,344,1933,91,1,5,0,4,418638
3722,6,1.9,1.0,3552,3146,575,1938,86,4,5,0,3,531262
1386,3,1.5,1.0,10962,1186,199,1966,58,1,8,0,3,419272
2697,5,2.8,2.5,10008,1997,700,1980,44,2,7,0,0,510985
2146,6,1.0,2.0,3009,1835,310,1961,63,3,11,0,0,414375
3751,5,2.2,1.0,21631,2681,1069,1987,37,1,10,0,1,685714
1353,4,2.7,2.0,4848,1305,48,1923,101,3,7,0,0,306754
1328,3,2.2,2.0,1366,1066,261,1902,122,1,7,0,2,194713
1520,4,1.0,2.0,27526,1454,65,2008,16,2,10,0,1,419150
500,1,4.1,2.0,7464,455,44,1970,54,2,6,0,2,196911
1579,6,2.6,2.0,11470,1468,110,1988,36,4,11,0,0,489721
1392,2,3.9,3.0,30878,1106,286,2019,5,2,8,0,1,409713
2120,4,2.2,1.0,3633,1629,491,1966,58,3,10,0,3,483442
2273,1,1.6,2.0,11890,1868,404,1978,46,2,5,1,4,640733
3500,1,2.8,2.0,20749,2476,1024,1992,32,1,10,0,3,745177
2760,6,2.3,1.0,3836,2693,67,1949,75,2,9,0,2,619464
1538,4,1.3,1.0,26069,1255,282,1928,96,3,10,0,3,443981
1281,5,4.0,1.0,2624,1276,4,1973,51,1,6,0,3,349791
2393,1,1.9,2.0,7507,2222,171,1931,93,4,11,0,4,471278
943,5,1.0,2.0,3427,683,260,1986,38,4,11,0,4,320080
3465,1,3.8,2.0,14138,3111,353,1938,86,4,7,0,3,469899
2943,2,2.0,1.0,3743,2299,643,1908,116,1,4,0,4,366641
1624,1,1.9,2.0,4945,1256,368,2000,24,4,11,0,3,525610
629,4,1.0,2.5,4011,489,140,2015,9,2,11,0,1,409126
3083,3,4.2,1.5,3097,3005,77,2003,21,1,6,0,3,538700
1908,1,1.2,2.0,4387,1622,286,1913,111,1,6,0,0,305529
2990,3,2.6,2.0,7814,2693,296,1967,57,1,8,0,4,504294
724,2,3.4,2.0,7478,568,156,1963,61,5,9,0,4,361583
1520,2,2.9,2.0,6814,1302,217,1919,105,3,6,0,2,288195
2004,1,2.4,2.5,4754,1613,390,1927,97,5,10,0,2,401634
2037,3,1.0,1.5,6094,1622,414,1913,111,5,9,0,0,428573
1639,2,1.7,2.5,2279,1269,370,1943,81,5,8,0,4,365642
2498,3,2.7,1.0,4632,2055,442,1997,27,3,10,0,4,565517
1145,3,1.7,1.0,6785,1029,116,1976,48,5,11,0,2,392493
1886,5,2.7,1.0,10254,1445,440,1994,30,4,4,0,2,480561
2096,6,3.2,2.0,9300,2074,21,1996,28,1,5,0,3,474566
2411,3,3.5,1.5,3033,1778,633,2015,9,1,5,0,4,469374
2569,5,1.3,1.0,11409,2168,400,1938,86,2,7,0,4,404338
1100,2,4.7,1.0,8935,798,302,1927,97,4,11,0,3,385322
772,2,3.3,2.5,25645,546,226,1963,61,3,7,0,4,352058
3022,4,2.5,2.0,2451,2952,70,1988,36,1,4,0,0,449318
2265,3,3.6,2.0,7264,2136,128,1931,93,5,5,0,2,466617
1401,2,4.9,2.0,18491,1272,128,1908,116,2,7,0,2,377385
3240,1,1.1,2.0,6392,3109,131,1927,97,2,11,0,2,477633
2092,5,2.3,1.5,3901,1968,123,1994,30,1,9,0,1,478282
2943,3,1.0,2.5,4218,2631,311,1916,108,4,6,0,0,413216
2054,4,2.7,1.0,15181,1959,94,2016,8,2,8,0,0,424776
3648,1,2.9,1.5,2348,2981,666,1986,38,1,10,0,3,545901
3404,3,2.5,1.5,6206,2947,456,1976,48,4,7,0,1,540685
1800,4,1.8,2.0,4020,1679,120,1954,70,1,4,0,4,312944
2777,2,1.0,2.0,4269,2014,762,1909,115,1,10,0,0,491800
2516,2,2.9,2.0,11536,2409,106,1979,45,4,5,0,1,436929
3094,2,4.0,1.0,5906,2312,782,1905,119,4,11,0,1,587742
1228,4,1.9,2.0,9763,1178,49,1947,77,4,4,0,0,192329
2548,5,2.9,1.0,3000,2022,526,1974,50,1,8,0,3,532206
2846,2,1.0,1.0,15739,2271,574,2015,9,2,8,0,1,533721
593,2,3.0,1.0,9605,428,164,1966,58,3,4,0,2,156082
1053,4,2.1,2.0,21816,1017,36,1991,33,3,7,0,1,315478
500,1,1.7,1.5,5851,376,123,1940,84,1,7,0,4,185116
1784,3,1.7,2.0,11610,1586,198,1978,46,1,5,0,0,319627
2574,1,2.1,2.0,15164,2299,274,1959,65,2,9,0,4,466581
3201,2,2.9,2.0,11429,2511,690,1976,48,4,5,1,3,725034
2059,2,1.2,2.0,31515,2050,8,1941,83,1,6,0,2,427953
3302,1,2.1,1.5,2141,2375,927,2015,9,5,9,1,0,736206
895,4,2.5,1.5,9318,790,105,2019,5,4,11,0,1,419968
637,5,1.4,2.0,5856,537,99,2008,16,1,10,0,2,337232
1955,1,4.3,2.0,5529,1512,442,1980,44,5,11,0,1,346187
2307,4,1.6,2.0,26764,1728,578,1970,54,2,6,0,3,431559
1973,1,1.8,2.5,4933,1818,155,1927,97,5,5,0,0,382992
500,6,1.5,1.0,16030,487,12,2001,23,1,9,0,3,288648
1928,5,4.3,1.0,3486,1412,516,1912,112,3,9,0,3,404777
956,1,3.1,2.0,18317,725,231,1980,44,1,6,0,3,357864
2535,5,1.6,1.5,7958,2525,10,1914,110,3,11,0,3,528113
2293,1,3.6,1.0,6462,1615,677,1935,89,2,4,0,1,429708
1248,4,2.7,2.5,2369,1063,184,1991,33,2,7,0,4,347818
1588,2,2.8,1.0,6473,1358,230,1914,110,4,9,1,1,628302
1152,1,2.2,2.5,4677,897,254,2009,15,4,10,0,2,337507
1949,3,1.8,2.0,32798,1752,197,2016,8,3,10,0,3,404417
2764,3,2.8,2.0,8445,2718,45,1974,50,3,9,0,2,569531
1211,6,2.0,1.0,5028,1011,199,1955,69,2,6,1,1,539683
2403,1,4.3,1.0,4860,2222,180,1994,30,5,9,0,3,563439
1575,3,1.2,2.0,2730,1408,167,1903,121,3,11,0,1,355673
1365,5,4.0,1.0,27386,1149,215,1998,26,3,6,0,3,517232
1914,1,2.4,1.5,22137,1368,545,1997,27,5,4,0,1,438817
1171,3,2.8,1.5,7680,1081,90,1951,73,4,10,0,0,406772
1557,4,3.3,1.0,46326,1259,297,1990,34,4,9,0,4,547440
1041,2,1.9,1.0,8018,799,242,1909,115,3,8,0,4,238402
3571,3,3.4,2.0,19480,3516,55,1993,31,4,5,0,3,619484
2028,6,1.0,1.0,12745,1890,137,1944,80,4,10,0,0,476283
1440,1,1.8,1.0,5117,1423,16,1983,41,4,4,0,2,397096
2171,3,1.6,2.0,9375,1686,484,1928,96,2,8,0,0,404809
1910,3,1.2,3.0,10918,1816,94,1952,72,1,10,0,3,378242
1823,1,2.3,1.5,2854,1608,214,1928,96,3,4,0,0,305170
2491,1,2.9,1.0,10202,2477,13,1922,102,3,7,0,2,494699
2606,2,3.2,2.0,20186,2564,41,1956,68,2,4,0,3,540440
1575,2,2.7,2.5,4660,1562,12,1949,75,1,4,0,4,307648
1539,6,1.8,2.0,6847,1517,22,1920,104,1,7,0,0,318163
1779,1,2.9,2.0,3335,1250,529,2011,13,2,9,0,4,365633
500,3,2.6,1.5,5506,461,38,1942,82,5,5,0,4,231709
787,3,3.4,2.0,5859,615,172,1909,115,5,11,0,1,371184
3093,4,3.3,1.0,28639,2819,273,2004,20,1,8,1,2,724588
3315,2,2.5,2.0,6287,3296,19,1975,49,5,10,0,0,690006
1800,3,1.6,2.0,5301,1281,518,1929,95,5,11,0,4,444386
2461,4,1.8,3.0,7516,2141,319,1950,74,5,6,0,4,492880
2249,2,2.0,1.0,2066,2070,178,1932,92,1,5,0,2,359392
4463,3,2.2,1.0,1227,3463,999,1917,107,5,11,0,4,774492
2895,2,2.8,2.0,2681,2222,673,1977,47,3,10,0,4,576284
1897,4,3.2,2.0,10501,1362,534,1921,103,1,4,0,4,314090
1235,1,2.4,2.0,8085,899,335,1963,61,2,11,0,4,412050
714,3,2.5,1.0,16240,641,73,1920,104,5,6,0,1,331058
2162,5,2.6,1.0,2401,1841,321,1900,124,4,7,0,1,363993
1394,2,2.0,2.0,6882,989,405,2012,12,1,11,0,3,452018
862,4,1.6,1.5,2267,854,7,2006,18,2,5,0,0,260585
1482,2,1.0,2.5,10035,1329,152,2015,9,3,9,0,2,401101
1134,1,1.8,2.0,2691,969,164,1914,110,2,8,0,3,248931
3349,3,3.0,2.0,6669,2618,730,1935,89,5,5,0,1,512294
2705,4,1.8,2.0,9557,2427,277,1946,78,4,5,0,1,474530
1993,6,2.3,2.0,5925,1613,380,1953,71,5,9,0,1,453436
3183,4,3.0,1.5,1326,2899,284,1985,39,2,6,0,3,484579
2061,6,3.0,2.0,30634,1865,196,1931,93,1,7,0,1,410261
1310,4,1.4,1.0,5443,954,356,1957,67,4,9,0,3,393836
3218,1,3.5,2.0,2235,3130,87,1945,79,4,10,0,1,583739
2431,1,3.6,1.0,14897,2056,374,1953,71,2,7,1,4,668432
1170,6,1.4,2.0,15349,957,213,1932,92,5,9,0,4,508026
1847,4,1.7,1.5,6363,1823,24,2004,20,2,5,1,0,470107
1299,3,3.7,1.0,27694,1080,219,1938,86,4,7,0,1,406690
893,3,2.4,3.0,4480,819,74,1922,102,2,6,0,0,145596
2740,3,1.0,1.0,9325,2457,283,1942,82,4,6,0,3,456553
3527,3,1.1,2.0,12193,2644,883,1954,70,5,8,0,0,581146
881,1,2.3,3.0,27206,878,2,1901,123,1,7,0,1,255960
2450,1,1.3,1.0,1711,2056,394,1965,59,1,8,0,3,316406
1479,3,2.1,2.0,50000,1210,268,1937,87,2,10,0,3,470991
1610,1,2.5,1.0,20725,1571,38,2018,6,4,9,0,4,467611
1526,3,4.0,1.0,11609,1310,215,2014,10,1,4,0,3,410134
1308,3,2.2,1.5,4273,1193,115,1928,96,4,10,0,3,310718
2038,1,3.6,2.5,3996,1944,94,2015,9,5,6,0,0,495510
1335,2,3.9,1.0,10201,1029,306,2009,15,2,5,0,3,229466
2216,1,3.9,2.0,12028,1664,552,1966,58,4,11,0,2,455907
1959,2,2.8,2.0,10849,1412,547,2002,22,2,6,0,4,437257
1808,4,1.0,2.5,9207,1753,55,1970,54,4,4,0,4,395331
1273,4,3.0,1.0,11447,968,305,1935,89,4,5,0,3,415799
1538,1,3.5,2.0,1410,1219,319,1928,96,5,7,0,0,346567
2604,3,2.4,2.0,6549,2046,557,2018,6,2,11,0,4,566736
2400,3,4.2,2.0,2679,1899,500,1936,88,3,7,0,4,502321
1217,2,3.4,2.5,7844,1096,121,2012,12,4,10,0,2,307317
2079,2,3.1,2.0,23044,2050,28,1999,25,4,11,0,3,502175
2601,3,3.6,1.0,3916,2077,523,1986,38,1,6,0,4,418971
664,2,2.8,2.0,4594,546,118,1944,80,2,5,0,4,290732
2434,3,1.0,1.5,4106,2267,167,1915,109,3,9,0,4,519681
1469,2,2.0,1.5,4570,1219,250,2011,13,5,11,0,4,555391
2456,1,3.7,2.0,12622,2401,54,1930,94,3,5,0,0,432827
1389,1,1.7,1.5,15210,1182,207,1933,91,5,8,0,1,391345
556,3,2.3,1.5,26248,447,108,1949,75,3,4,0,2,256950
697,4,1.5,3.0,3626,692,5,1964,60,3,10,0,0,278910
2038,4,4.3,1.0,14004,1687,351,1981,43,2,7,0,2,410633
2207,3,4.2,2.5,15999,1698,509,1961,63,1,6,0,4,408037
1276,3,1.6,2.0,30413,961,314,2003,21,3,5,0,2,298662
2510,6,2.6,2.0,3849,2507,3,1942,82,4,7,0,3,539050
670,4,1.8,2.0,1631,621,49,1955,69,4,6,0,3,252636
1947,4,3.1,1.5,6490,1601,345,2019,5,4,11,0,1,478240
1031,5,3.0,1.5,50000,977,53,1914,110,1,7,0,1,274405
1478,1,3.3,1.5,3373,1277,201,1947,77,3,6,0,2,277616
2037,4,2.8,1.5,11962,1620,417,1948,76,5,7,0,0,420339
1311,2,5.4,2.5,1375,1210,100,1980,44,5,9,0,0,334127
1692,4,1.5,2.0,34609,1563,129,1943,81,2,8,0,4,583034
2805,5,1.0,1.0,1803,2384,420,1909,115,1,4,0,0,299592
1538,2,2.1,1.0,1196,1097,440,1919,105,3,7,0,1,362973
2668,4,1.0,1.5,8770,1929,738,1969,55,4,4,1,0,613369
1096,1,1.0,1.0,8907,1026,69,1907,117,1,7,0,4,225727
2423,2,1.5,2.0,25220,2295,128,1944,80,1,10,1,3,682833
3153,4,1.6,1.0,15987,2848,304,1933,91,3,5,0,0,476169
500,1,1.5,2.0,1635,475,24,1995,29,2,8,0,0,233276
1362,1,3.0,1.0,7176,1247,114,1950,74,2,10,0,1,304777
2461,1,2.0,1.5,4639,2385,76,2017,7,2,9,0,2,502316
1837,3,2.3,2.0,2784,1369,468,2005,19,4,8,0,3,430666
2296,3,3.4,2.0,11463,1875,421,1903,121,4,4,0,2,336468
1516,4,1.7,3.0,18664,1272,243,2007,17,3,5,0,4,385122
2069,2,2.2,2.5,4254,1633,435,2013,11,2,6,0,4,496951
1875,3,2.9,1.5,6208,1720,154,1938,86,3,10,0,2,448419
2934,6,1.0,1.0,6548,2857,77,1983,41,2,8,0,1,516246
2203,2,1.0,2.0,4774,1815,388,1923,101,1,9,0,1,359516
2270,2,2.8,2.5,5756,2230,39,1987,37,5,10,0,1,489256
1670,2,3.0,2.0,4772,1428,242,1954,70,5,5,0,3,382479
1609,4,4.6,1.0,8952,1379,230,1925,99,2,5,0,4,364584
1653,1,2.7,3.0,5068,1455,198,1924,100,3,4,0,4,343108
2315,4,3.3,1.0,11403,1807,508,1935,89,4,9,0,4,535821
1663,3,2.3,2.0,5053,1355,307,1970,54,2,5,0,3,289346
2231,3,2.8,2.5,13594,1932,299,1973,51,2,11,0,4,560722
3660,5,4.2,1.0,4967,3596,63,1957,67,4,5,0,2,547245
2696,3,1.0,2.5,13155,2407,289,2010,14,2,6,0,0,406713
1739,1,2.9,1.5,4109,1391,347,1911,113,1,4,0,3,285576
2960,1,4.6,3.0,16453,2081,878,1900,124,4,4,0,0,474447
1673,3,2.8,1.0,1953,1664,9,2015,9,1,9,0,2,439236
500,5,4.2,3.0,8065,423,76,1949,75,5,5,0,1,183071
1193,4,1.9,1.0,5147,1171,22,1924,100,4,6,0,1,332171
503,2,2.5,2.0,7809,435,68,1979,45,4,7,0,1,286107
1718,6,2.5,2.0,3137,1515,203,1904,120,3,8,0,3,369850
2014,1,1.0,2.0,6934,1840,174,1982,42,3,11,0,1,422525
3341,4,1.3,1.0,3335,2660,680,1967,57,4,10,0,3,607167
2261,2,1.4,2.0,6697,2057,204,1905,119,5,4,1,3,396606
1824,3,3.3,1.0,6217,1565,259,1925,99,2,6,0,0,277685
2663,1,3.4,2.0,10550,2401,261,2012,12,3,9,0,1,585098
500,3,2.8,1.0,8541,475,24,2002,22,5,6,0,4,283323
2188,1,3.3,3.0,36411,1652,535,2019,5,5,5,0,1,494736
2616,3,2.3,1.0,5388,2313,303,1954,70,3,11,0,1,506650
817,6,3.7,1.0,7287,584,232,1938,86,2,8,0,1,359548
2915,3,2.5,1.0,50000,2129,785,1908,116,3,4,0,4,515800
2270,2,2.6,1.5,6776,2049,221,1944,80,5,7,0,4,445391
1667,1,2.2,1.0,17371,1202,464,2015,9,1,5,0,3,370063
2506,4,3.2,2.0,12851,2201,304,1913,111,3,4,0,4,490923
3816,4,2.1,2.5,50000,2923,893,2011,13,5,10,0,3,846991
2145,3,3.5,2.0,2579,1697,447,1954,70,3,9,0,0,425905
2198,1,1.4,2.0,2355,1624,574,1908,116,5,4,0,3,322540
1632,4,1.4,1.0,3313,1264,367,1914,110,2,6,0,1,293580
1320,2,3.2,2.0,9304,1249,70,1936,88,5,10,0,2,471184
2664,4,2.4,1.0,3631,2375,288,1949,75,4,8,0,2,536275
1315,1,2.0,2.0,1470,1295,19,2016,8,1,11,0,1,342156
2057,5,3.4,1.0,3868,1470,587,1983,41,5,7,0,3,403109
1617,3,1.9,1.5,10882,1517,100,1971,53,3,8,0,1,438290
2383,1,2.3,1.5,3932,2168,215,1995,29,3,6,0,4,504641
2266,2,3.9,2.5,20209,1764,502,2010,14,5,7,0,3,480553
2830,1,4.0,1.0,3293,2600,229,1920,104,4,7,0,1,445916
1591,5,4.1,2.0,8195,1456,135,1956,68,5,11,0,4,561500
1784,1,2.2,1.0,5926,1494,289,2004,20,2,5,1,4,582820
1216,3,3.7,2.0,9421,1103,113,1918,106,4,7,0,3,258785
1644,2,1.6,2.5,10209,1370,274,1992,32,5,4,0,0,278238
2301,3,1.6,1.5,28800,1842,458,1957,67,1,8,0,0,474761
2605,2,1.0,2.0,14071,2188,417,1994,30,4,9,0,4,546161
1262,5,4.2,2.5,5787,1222,39,2017,7,5,9,0,0,477694
2695,4,1.6,2.0,13230,2197,497,1905,119,1,8,0,4,520097
3084,5,2.4,2.0,14767,2532,551,1903,121,5,5,0,0,510172
2330,2,1.6,2.0,41604,2056,273,1942,82,2,7,0,4,515146
3501,3,3.2,2.0,7145,3241,259,1992,32,3,6,1,4,767881
1380,2,2.1,1.0,7583,1271,109,1941,83,5,10,0,4,414340
1004,1,1.2,2.0,23152,708,295,1902,122,4,10,0,4,369332
577,3,2.9,1.5,1637,522,54,1900,124,5,4,0,2,295899
3196,1,1.1,1.0,6879,2669,526,2007,17,5,5,0,0,439706
2523,6,1.7,2.0,14121,2163,360,1954,70,5,10,0,4,616722
1955,6,1.0,1.5,18727,1698,257,1914,110,5,11,0,1,479729
2223,3,1.1,1.0,1383,2044,178,1946,78,4,11,0,3,509538
1099,4,2.7,2.0,2777,1043,55,1984,40,4,7,0,1,334674
3956,1,1.0,2.5,1103,3536,419,1945,79,5,9,0,1,649736
2103,1,1.0,2.5,16290,1828,275,1957,67,3,6,0,2,350073
2087,2,2.5,3.0,9543,1695,392,1994,30,5,7,0,0,447412
2580,3,2.0,2.5,25215,1913,667,1970,54,4,5,0,2,510305
2384,3,4.5,1.0,8294,2355,29,1980,44,2,11,0,0,486383
2179,1,4.3,1.5,48668,1827,351,2019,5,5,6,0,4,590487
1367,4,1.6,2.0,3810,1189,177,1982,42,5,10,0,2,468209
2377,1,3.1,1.5,6040,2199,177,1938,86,5,6,0,3,436798
3505,3,3.2,2.0,11274,2525,979,1902,122,5,6,0,0,578373
3076,3,1.9,2.0,4581,2942,133,1929,95,1,6,0,2,424118
3274,1,1.0,1.5,11313,3075,199,1934,90,5,11,0,3,527825
1591,2,2.5,2.5,7416,1483,107,1956,68,4,10,0,1,444524
1208,4,2.3,2.0,7078,853,354,1928,96,4,7,0,4,328935
1899,2,2.1,2.0,7330,1629,269,1949,75,1,6,0,4,284224
2044,1,2.9,3.0,14247,1464,580,1961,63,5,7,0,1,397574
2875,4,1.7,2.0,6159,2487,387,1951,73,3,6,0,2,546971
646,1,1.3,1.0,3307,591,54,2017,7,5,11,0,1,380950
3223,2,2.6,2.0,8550,2374,849,1913,111,4,6,0,3,457079
1873,5,2.9,2.0,4879,1702,171,1934,90,2,5,0,0,277322
1658,1,1.3,2.0,3643,1384,273,1927,97,2,7,1,2,489024
1190,5,3.4,2.0,2028,1123,67,1957,67,3,9,0,0,418031
676,4,1.0,2.0,17067,581,94,1929,95,5,11,0,1,334458
2658,4,1.9,1.0,13766,2129,529,1989,35,1,7,0,4,495343
2058,3,2.2,2.5,24982,1646,412,1906,118,5,11,0,0,457252
968,6,1.9,2.5,8121,938,29,1938,86,3,8,0,0,306925
963,2,1.9,1.0,19203,805,158,1994,30,3,10,1,4,636194
1731,4,4.4,1.0,3808,1422,308,1968,56,3,9,0,0,432582
3335,2,1.6,3.0,1760,2374,960,1934,90,2,5,0,0,436685
1792,5,4.9,2.5,4441,1450,341,2013,11,5,7,0,4,546767
797,3,2.9,2.5,6872,761,35,2010,14,5,5,0,4,341629
1803,3,2.6,2.5,10811,1674,129,1951,73,1,9,0,1,449354
1781,3,3.0,2.0,22576,1365,416,1913,111,3,5,0,1,333477
500,1,5.0,2.0,10484,411,88,1962,62,3,5,0,0,254020
1956,3,1.5,2.0,49311,1484,471,1935,89,4,4,0,2,476753
1815,6,1.4,1.0,8918,1790,24,1990,34,4,7,0,1,500723
2556,3,1.7,2.0,8783,2248,308,1923,101,2,5,0,1,339256
3479,1,2.5,2.0,10620,3222,256,1939,85,5,4,1,2,705952
2901,3,1.0,2.0,10972,2652,249,1928,96,1,4,0,2,343272
1784,3,2.5,2.0,10847,1717,67,1952,72,1,11,0,4,408527
1114,2,4.2,2.0,3023,1097,16,2008,16,3,6,0,1,333352
4058,3,2.7,1.0,16022,2880,1178,1921,103,1,6,0,3,489835
2047,1,2.2,1.0,50000,2032,15,1971,53,3,10,0,3,557314
2011,6,1.9,1.0,3998,1933,78,1914,110,5,9,0,0,460196
1980,1,3.4,1.0,7840,1614,366,2012,12,1,7,0,1,394907
2158,1,1.7,3.0,2702,2052,105,1968,56,3,6,0,3,351343
1884,3,4.3,1.0,14787,1735,148,2015,9,5,9,0,1,496525
1541,2,4.4,1.0,14776,1445,95,1963,61,5,7,0,1,515490
1562,2,2.8,2.0,2432,1197,365,1903,121,3,9,0,3,340947
1973,3,2.5,2.0,2835,1765,208,1974,50,3,10,0,1,405983
1565,4,3.5,1.0,1532,1107,457,1917,107,2,10,0,2,278443
1429,3,3.6,2.0,28461,1364,65,1941,83,5,4,0,0,414510
2085,6,1.7,2.0,4142,2054,30,2012,12,3,4,0,4,374198
1796,3,2.0,1.0,7278,1613,182,1929,95,5,7,0,3,400670
3203,3,1.2,1.0,6043,2734,468,1914,110,1,9,0,4,620404
500,3,2.9,2.5,17867,458,41,1969,55,4,9,0,0,337835
2873,5,3.2,2.0,13741,2292,580,1954,70,4,6,0,2,555211
2996,5,1.2,2.0,13166,2660,335,1952,72,3,6,0,2,490980
500,4,2.0,1.0,4231,457,42,1915,109,3,7,0,2,250324
1725,4,1.2,1.5,13974,1281,443,2010,14,5,8,0,2,452108
1702,2,1.6,2.0,17030,1263,439,2003,21,3,6,0,3,424879
873,6,3.1,1.0,13648,799,74,1972,52,5,5,0,3,233634
1377,3,1.8,1.5,2889,1142,234,2006,18,3,6,0,1,347525
1111,2,2.2,2.0,3281,1074,36,1933,91,5,8,0,1,336876
3401,6,1.0,1.5,32522,2699,702,1926,98,3,9,0,0,731092
2748,4,2.7,2.0,38374,1958,789,1912,112,2,4,1,1,675693
3017,3,2.5,2.0,7661,2700,316,1999,25,5,11,0,0,607464
2577,3,1.8,1.5,7653,2333,244,1926,98,2,11,0,0,492921
1096,6,2.3,2.0,9190,949,146,1972,52,2,4,0,0,307945
1580,4,2.7,1.0,12877,1430,150,1968,56,2,9,0,2,354315
2391,2,1.7,2.0,2555,2049,341,2014,10,2,4,0,4,455456
1022,1,1.0,1.0,9743,928,94,1985,39,1,6,0,4,226702
2570,3,4.3,1.0,3552,1833,737,1930,94,4,10,0,3,557060
1807,4,1.9,2.0,7972,1465,342,1902,122,1,4,0,0,240762
1700,5,2.4,2.0,3995,1297,402,1929,95,3,10,0,2,415430
2568,6,3.5,2.5,4824,1874,694,1920,104,3,8,0,1,476166
2355,2,6.0,1.5,9370,1814,541,1998,26,4,10,0,1,546331
1711,4,1.3,1.0,4945,1296,415,1905,119,4,8,0,3,371194
2927,4,2.9,2.0,3364,2903,23,1991,33,4,6,0,3,555837
1135,1,1.8,2.0,25920,892,242,1931,93,2,9,0,0,315933
2492,4,2.0,1.5,3402,1917,575,1941,83,1,5,0,0,420222
2474,5,1.8,2.0,1276,2351,122,2000,24,3,6,0,1,428018
1752,2,1.4,2.0,12772,1446,305,1961,63,1,4,0,1,321381
2260,5,2.5,2.5,6426,1868,392,1988,36,1,6,0,1,388698
999,4,1.0,3.0,7915,832,166,1931,93,1,11,0,1,413754
2739,5,3.4,1.0,9196,2259,479,1998,26,4,11,1,4,852714
1852,2,2.6,2.0,22393,1477,374,1985,39,4,8,0,0,403960
1581,2,2.9,1.5,35991,1243,338,1987,37,3,6,0,0,489726
2839,1,2.0,2.0,9924,2738,100,1938,86,3,6,0,1,467200
1436,4,2.1,2.0,3163,1075,361,1963,61,3,5,0,2,291791
873,1,2.8,3.0,9106,658,214,2017,7,1,8,1,1,502286
754,2,1.3,2.0,12982,657,96,1929,95,4,7,0,3,222074
2484,3,2.1,3.0,18086,1995,489,1962,62,2,7,0,2,418869
975,2,1.6,2.0,9043,806,169,2013,11,1,8,1,3,585178
3403,2,1.6,2.5,5174,3206,197,1995,29,5,7,0,2,522949
500,1,1.0,2.0,3922,485,14,1930,94,1,4,0,3,78965
3357,3,3.8,2.0,7381,3146,210,1986,38,4,7,1,1,815855
2168,4,1.8,1.0,2438,1671,497,1939,85,5,11,0,1,559445
1922,6,3.7,1.5,11108,1911,11,1932,92,1,4,0,2,438793
1564,3,3.6,1.0,9338,1265,298,1962,62,4,8,0,3,537170
2319,2,1.2,2.0,9300,1741,578,1924,100,4,7,0,4,554820
1969,3,1.4,2.0,14387,1674,295,1935,89,2,7,0,2,342417
2882,1,5.1,2.0,25868,2645,237,1923,101,1,9,0,2,534837
2091,2,4.3,3.0,7659,1516,575,1994,30,4,10,0,0,419689
2120,1,2.5,2.5,8617,1887,232,1957,67,3,4,0,2,307140
1709,3,2.8,1.0,6028,1636,72,1938,86,4,4,0,4,409948
1954,4,1.9,1.5,12596,1521,432,1945,79,2,6,0,1,390516
2246,2,2.9,1.5,8053,2039,206,1976,48,4,5,1,3,706039
631,2,1.8,1.5,20415,518,113,1909,115,1,11,0,0,232486
921,3,1.0,2.0,20075,759,161,1986,38,1,7,0,3,285860
2594,2,1.2,2.0,10434,2034,559,1981,43,5,9,0,1,531184
2136,2,2.5,2.0,7603,1895,240,1931,93,1,5,0,2,408023
1852,3,1.4,2.5,6512,1497,355,1996,28,5,10,0,4,405592
2014,1,2.4,2.0,11899,1912,102,1935,89,3,10,0,0,405239
2278,6,1.4,1.0,11925,2252,25,1927,97,2,11,0,4,534503
1568,2,1.7,2.0,6509,1537,30,1915,109,3,9,0,4,415251
1377,2,3.4,1.5,10206,1031,345,1915,109,5,5,0,4,395480
2156,2,2.7,1.0,4361,1518,637,1917,107,4,11,0,4,478373
1217,4,2.5,1.0,11623,1012,205,1907,117,4,11,0,1,322057
2326,1,3.4,2.0,4665,2137,189,2005,19,3,11,0,4,441901
637,2,3.0,1.5,15027,633,4,1979,45,4,11,0,4,379443
2823,4,3.9,1.0,6289,2639,183,2018,6,5,7,0,1,546667
2378,3,2.0,2.0,30917,2078,299,2019,5,2,10,0,3,527943
2204,3,2.1,2.0,8360,1560,644,1974,50,1,11,1,1,712912
2786,3,1.2,1.0,9802,2640,145,1969,55,5,9,0,2,471323
3332,6,2.1,1.0,2646,2509,822,1900,124,5,4,0,1,459495
2811,3,3.5,2.0,24965,2014,796,1961,63,1,6,0,3,579891
527,3,3.8,1.0,7860,503,23,1975,49,1,9,0,2,262201
976,1,3.5,2.5,32584,849,127,1937,87,2,8,0,2,369864
1500,2,1.0,2.0,8421,1107,392,1991,33,2,10,0,0,364876
2020,4,3.6,1.5,6827,1648,371,1944,80,2,11,0,4,514148
2414,3,1.0,1.0,5382,1751,662,1957,67,4,10,0,2,522753
1419,3,3.4,1.0,13544,1265,154,1980,44,5,11,0,2,484264
2149,2,2.1,1.0,12290,1686,462,1900,124,1,7,0,3,310177
1395,3,3.2,1.0,2787,1339,56,1931,93,5,7,0,2,295811
1510,1,1.2,2.0,5140,1219,291,1907,117,5,8,0,3,355113
874,2,3.7,1.0,14443,742,132,2017,7,2,10,0,4,356947
1261,2,1.0,2.0,4838,907,354,1939,85,2,11,0,0,371606
918,3,1.8,2.0,4214,719,199,1955,69,5,5,0,0,273723
1219,5,1.5,1.0,9480,1101,118,1962,62,2,6,0,4,251630
2842,3,1.0,1.0,8688,2617,224,2006,18,4,5,1,4,792121
1240,6,2.6,1.0,5590,958,281,2009,15,1,8,0,1,353333
4105,2,4.3,1.0,33319,3494,611,1987,37,5,8,0,2,727855
2394,5,5.2,2.0,7192,2263,131,1973,51,1,6,0,2,506980
2147,6,2.6,1.5,2945,1748,399,2010,14,4,8,0,2,495802
1313,6,3.6,2.0,2219,972,341,2002,22,2,8,0,3,467101
2560,3,2.7,1.5,18360,2123,436,2002,22,3,10,0,1,499325
1539,4,3.0,2.0,3368,1355,184,1973,51,4,9,0,2,482521
2097,3,2.2,2.0,8302,1472,624,1935,89,3,11,0,3,513282
4048,2,2.7,2.0,4027,3256,791,1988,36,1,10,0,3,616567
1923,5,3.0,1.0,7467,1696,226,2013,11,5,6,1,0,654894
2919,4,1.9,1.0,10704,2877,42,1956,68,2,7,0,3,568782
1437,2,2.4,2.0,2717,1182,255,1973,51,4,5,0,4,371095
1972,1,2.4,1.5,5627,1476,495,1982,42,2,7,0,3,403948
3416,1,3.3,1.5,4727,2939,477,2009,15,3,7,0,4,617136
1498,5,1.4,2.0,3743,1177,321,1944,80,3,9,1,4,639170
3449,6,2.4,2.0,5999,2637,812,1978,46,5,5,1,0,740432
2566,1,4.4,2.0,4919,2250,315,1979,45,3,7,0,0,472976
1550,2,3.7,2.0,16291,1510,39,1901,123,5,11,0,3,498478
2505,5,3.8,2.0,4570,2382,123,1992,32,4,6,0,0,498116
2778,4,2.5,2.0,11622,2096,681,1967,57,5,5,0,0,449540
2497,3,2.8,2.0,11301,2322,175,2016,8,3,4,0,2,474667
743,2,3.5,2.0,2438,571,171,1949,75,1,9,0,3,279768
1418,1,4.1,2.5,5406,1116,301,1928,96,5,11,0,3,462155
1801,4,1.0,1.5,7420,1758,43,1994,30,2,7,0,3,468883
1940,5,1.2,1.5,10019,1888,51,1980,44,1,11,0,0,476209
2496,2,3.8,2.0,6706,1873,622,1909,115,5,11,0,0,466523
2142,3,2.2,2.0,18648,1540,601,1926,98,2,8,0,4,470943
931,6,1.8,1.0,8811,734,197,2016,8,1,5,0,1,165231
2304,5,1.2,2.5,11572,2015,289,2004,20,5,4,0,1,439765
2488,3,1.9,1.0,5045,2396,91,1914,110,4,8,0,1,485121
2447,1,1.1,2.0,11708,1800,647,1959,65,2,11,0,2,497273
2864,3,4.6,2.0,38143,2361,502,2007,17,4,4,1,0,768618
2667,4,2.5,3.0,12348,2084,582,1930,94,3,11,0,4,678063
2367,1,2.4,1.0,19582,1667,699,1920,104,5,7,0,4,385287
1943,3,3.1,2.0,6417,1820,123,1959,65,5,11,0,1,412001
671,3,3.5,1.5,16973,633,37,1957,67,2,8,0,2,341108
2343,4,3.4,1.5,18201,1796,547,1940,84,5,7,0,2,547864
2166,1,3.6,1.0,9861,1614,551,1945,79,3,8,0,1,472383
2217,2,1.9,2.0,7632,1648,569,1944,80,5,5,0,1,361388
978,3,2.2,2.0,2450,821,157,1925,99,1,11,0,0,259085
1135,2,3.3,1.0,7895,878,256,2001,23,4,10,0,2,352270
2842,1,2.0,2.0,12735,2425,416,1950,74,3,6,0,4,498424
1968,1,2.5,2.0,4393,1605,363,1935,89,3,10,0,1,359384
2545,3,2.9,2.0,2933,1942,602,1951,73,4,6,0,0,493098
2022,1,3.3,2.5,8791,1871,150,1980,44,4,10,0,4,498531
2023,3,1.0,1.5,9745,1507,515,1950,74,3,4,0,2,312184
2750,1,3.2,3.0,2757,2584,165,1902,122,4,9,0,1,442815
1587,1,2.3,2.5,8371,1378,208,1913,111,2,8,0,1,249857
2076,6,3.2,1.0,10218,1972,104,1948,76,4,7,1,0,608528
1630,3,3.3,1.0,23319,1143,486,1976,48,1,9,0,0,387170
1652,2,4.1,1.5,5534,1528,124,2004,20,1,5,0,2,380831
1752,4,3.9,1.5,43007,1253,498,1990,34,2,5,0,1,449622
2177,4,3.8,2.0,8460,2145,32,1900,124,4,5,0,0,352403
1617,1,3.9,2.0,3097,1472,144,1956,68,1,6,0,1,261787
3004,3,2.8,2.0,6222,2391,612,1916,108,5,7,0,2,503925
1284,3,2.5,2.0,3326,1022,262,2011,13,4,5,0,1,228916
1850,6,3.4,1.0,7088,1773,76,1949,75,2,5,0,4,396425
1648,3,3.2,2.5,11787,1600,48,1997,27,4,10,0,1,521654
3157,2,2.2,1.5,10042,3054,102,1913,111,3,4,0,3,450688
2157,4,2.9,3.0,3280,2033,123,2017,7,3,8,0,3,505322
2825,2,2.5,1.0,2970,2672,153,2018,6,1,8,0,2,499365
811,2,1.6,3.0,11333,707,104,1958,66,3,11,0,2,276250
2213,3,3.8,1.0,13565,1568,645,1980,44,2,8,0,2,566225
2711,1,2.6,1.0,5479,1968,742,1902,122,1,9,0,4,439078
2065,1,4.5,1.0,1064,1848,217,1997,27,2,10,0,4,488273
2852,3,1.0,2.0,3207,2339,512,1939,85,2,10,0,1,451371
1586,4,1.9,2.5,17837,1380,205,1988,36,3,4,0,0,404842
3127,6,2.5,1.5,4488,2406,721,1965,59,3,6,0,3,474779
3839,4,3.6,2.5,6137,3435,403,1933,91,2,9,0,3,707861
1709,2,2.9,2.0,12615,1321,388,1989,35,3,4,0,3,356980
1643,2,2.8,2.0,6342,1377,265,1994,30,3,5,0,1,322524
3162,6,1.4,2.0,24783,2668,494,1908,116,3,7,0,1,512040
3263,4,1.3,1.0,6010,2458,805,1993,31,4,9,0,2,673464
1581,3,2.8,1.5,4070,1522,58,1983,41,2,9,0,0,300409
1663,1,1.1,2.5,20864,1427,236,1920,104,5,5,0,2,313909
1774,2,2.0,2.5,8418,1703,70,1992,32,2,5,0,1,280776
924,1,3.0,3.0,3419,719,204,1924,100,1,7,0,4,183668
1265,3,1.5,2.5,11818,950,314,2001,23,3,8,0,2,439173
1196,4,4.1,1.0,6403,844,352,1943,81,3,9,0,1,372198
1385,1,3.7,2.0,3239,1009,376,1924,100,5,4,0,1,232871
1972,2,1.0,1.5,8743,1467,504,1908,116,1,6,0,4,380665
2187,5,1.6,3.0,7140,1582,604,2002,22,4,5,0,4,445497
3240,5,1.0,2.0,2100,3140,100,1961,63,2,5,0,4,474411
1201,3,1.7,2.0,3472,1169,31,2007,17,4,6,0,0,343105
2787,1,3.3,2.0,36036,2735,52,1925,99,1,4,0,1,429204
1828,3,2.1,1.5,8647,1806,22,1956,68,5,11,0,4,441827
1960,2,3.0,1.0,23797,1661,298,1936,88,1,5,0,0,388818
2539,5,1.0,2.5,10373,2181,358,1915,109,5,6,0,3,460663
1101,1,3.3,2.0,21800,814,287,1936,88,4,10,0,3,436572
2305,3,1.9,1.0,12639,1708,596,1975,49,4,5,0,3,420403
2133,3,2.5,2.0,3800,1987,145,1923,101,1,8,0,1,439049
2393,4,2.4,2.0,13166,2290,103,1925,99,1,8,0,0,433036
2231,2,1.2,1.5,3781,2087,144,1919,105,3,5,0,0,382090
3964,2,1.3,1.0,17043,3767,196,1908,116,5,10,0,3,699046
1489,1,3.5,2.5,9644,1166,323,1986,38,3,5,0,2,410598
1575,1,2.9,2.0,8225,1322,252,2002,22,2,11,0,3,444869
1501,2,3.6,2.0,5705,1257,243,1928,96,2,11,0,1,410945
1555,2,2.8,2.0,15348,1553,2,1930,94,1,8,0,3,360091
1490,1,2.6,1.0,7142,1467,22,1918,106,4,11,0,3,355052
2951,5,1.0,2.0,1758,2595,355,1919,105,2,10,0,0,591302
3136,6,2.2,1.0,2056,2325,811,1986,38,2,11,0,3,574591
1543,2,2.5,1.0,2935,1200,343,2006,18,3,5,0,4,403542
1334,2,4.5,2.0,15174,1079,254,1926,98,3,10,0,4,467846
2377,2,3.2,2.5,16126,2286,90,1993,31,2,4,0,2,443822
1558,1,4.0,1.5,10509,1170,387,1984,40,1,4,0,1,307131
2506,2,3.1,1.0,10420,1919,586,1943,81,3,7,0,1,440185
2162,2,1.8,2.0,25768,1740,422,1934,90,2,4,0,0,326746
787,5,2.6,2.5,10660,770,17,2012,12,4,9,0,1,385539
3238,1,2.7,2.0,13500,2756,481,1970,54,3,10,0,2,525774
3436,3,1.6,2.5,8033,3072,364,1921,103,2,9,0,4,606511
1509,2,2.1,2.0,5603,1232,277,1973,51,5,9,0,0,371990
1689,5,2.3,2.0,6475,1278,411,1986,38,3,5,0,4,354246
2228,3,4.1,1.0,41798,1709,519,1914,110,5,5,0,2,429227
2267,5,1.0,1.5,3396,2133,134,1993,31,3,6,0,0,403953
2526,6,3.7,1.5,10419,2446,80,1997,27,3,10,0,3,588252
3608,3,1.6,2.0,2410,3059,548,1912,112,5,9,0,1,542181
1858,5,1.1,2.5,4972,1499,358,1903,121,1,9,0,2,404827
1361,2,3.7,2.5,15048,1282,78,1981,43,2,4,0,0,329853
896,1,3.2,1.0,1904,808,87,1955,69,1,8,0,4,295279
1415,6,3.8,1.0,16710,1008,407,1922,102,1,10,0,0,358965
1973,5,3.3,1.5,41690,1589,384,1996,28,2,8,0,3,506739
3435,3,4.6,1.0,10852,3108,327,1997,27,4,10,0,2,595336
1585,6,3.1,2.0,22237,1383,202,1933,91,1,10,0,0,423877
2179,3,2.3,2.5,9881,2164,14,1999,25,1,7,0,2,465854
1986,1,2.8,3.0,14312,1907,79,1998,26,1,6,0,2,341400
2950,1,3.7,2.0,11649,2118,832,1916,108,4,8,0,4,512463
4021,2,1.7,2.0,5388,3690,330,1927,97,3,7,0,1,562595
1575,2,1.8,2.0,5015,1261,313,1913,111,5,4,0,3,337744
1608,4,2.2,1.0,20851,1455,153,1933,91,5,6,0,0,301067
2835,5,1.0,2.0,7834,2509,325,2011,13,4,6,0,1,618695
2545,1,2.6,2.0,7234,2166,379,1974,50,1,9,0,4,526220
3477,4,1.0,2.0,7115,3323,153,1956,68,5,10,0,1,573013
2467,3,2.6,1.0,10353,2251,215,1976,48,4,11,0,2,488198
1712,2,3.4,1.5,3138,1655,56,1996,28,2,10,0,2,445695
2472,3,2.0,1.5,7004,1939,532,1954,70,5,5,0,3,472704
2886,2,4.2,3.0,10388,2322,564,1965,59,2,10,0,0,498115
2656,3,1.0,1.5,2912,2355,301,1997,27,1,10,0,0,415348
2405,5,3.7,2.0,9579,2381,24,2016,8,5,10,0,4,566436
2853,2,3.2,2.0,3951,2315,537,1992,32,4,9,0,3,563088
2935,5,1.0,1.0,10404,2083,852,1936,88,3,4,0,0,434210
3105,1,5.2,2.0,45561,2589,516,1967,57,5,10,0,2,799573
2518,1,2.4,2.5,7356,2174,344,1975,49,5,11,0,3,437905
1866,4,1.6,2.0,3418,1754,111,1925,99,5,9,0,1,379719
2117,6,1.1,2.5,9795,1944,172,1960,64,5,11,0,3,506762
2965,4,2.3,1.0,11841,2933,31,1991,33,4,6,0,3,567225
1346,3,2.4,1.0,3829,1258,87,1966,58,4,9,0,0,385225
2294,5,2.6,2.5,2049,1812,482,1983,41,3,10,0,4,524651
1685,2,2.2,2.0,3838,1504,181,1973,51,4,7,0,4,474285
2022,2,3.1,3.0,7795,1824,198,1951,73,4,9,0,0,382580
3022,2,2.1,2.0,5629,3020,1,1917,107,1,8,0,0,416923
2152,4,1.0,2.5,19187,1596,556,1952,72,1,4,0,0,289386
2037,3,2.4,2.0,12255,1542,494,1962,62,2,4,0,4,385154
912,5,1.0,2.0,8791,681,231,1952,72,3,6,0,0,251207
2597,2,2.9,2.0,2006,2276,320,2016,8,1,9,0,1,526830
2516,2,1.5,1.5,13417,1863,652,1926,98,3,11,0,1,577458
3730,3,2.7,2.5,39471,3345,384,1930,94,3,11,0,2,776980
1753,3,3.8,1.5,16152,1650,103,1990,34,5,6,0,1,374250
2175,4,1.6,2.0,4787,1805,370,2005,19,3,6,0,3,443542
2199,1,3.6,1.5,7265,1909,289,1900,124,5,7,0,2,457118
3261,1,2.1,2.0,11699,3176,85,1905,119,2,5,0,1,479516
1923,1,4.3,2.0,24571,1675,248,1910,114,2,6,0,3,524037
2223,4,2.1,1.0,4607,1695,527,1933,91,2,5,0,1,357067
2486,3,1.7,2.5,5583,1996,489,2002,22,5,11,0,3,565094
2149,4,3.2,1.5,7828,1846,303,1983,41,5,5,0,0,542435
1642,1,2.1,2.0,7298,1226,416,1962,62,2,4,0,3,329840
2155,5,1.7,1.0,15273,1904,250,1952,72,5,11,0,0,475096
2858,3,2.0,1.0,9994,2858,0,1984,40,4,8,0,3,492471
1178,4,2.5,1.0,2649,1055,122,1984,40,4,11,0,3,430461
2106,4,3.8,2.0,4791,1709,396,1917,107,5,8,0,1,507682
1439,4,1.0,1.0,4902,1151,288,1920,104,5,9,0,3,429482
2956,1,2.5,2.5,1377,2895,60,1918,106,1,7,0,1,387096
781,4,3.1,1.0,17046,751,30,1903,121,1,7,0,3,293774
1552,3,2.7,1.0,9008,1307,245,1976,48,3,8,0,4,392161
2301,2,3.8,1.0,5257,1855,446,1981,43,3,9,0,2,478942
3252,5,2.4,1.0,16682,2969,282,2015,9,3,11,0,1,695769
1947,4,2.3,2.0,10311,1546,400,1928,96,2,10,0,1,429597
1555,3,3.1,2.5,2896,1144,411,1924,100,4,8,1,0,592884
3504,4,2.6,2.0,13196,2779,725,1955,69,2,11,1,4,890495
841,4,2.1,1.0,24303,698,142,1976,48,5,9,0,0,339860
500,3,3.0,1.0,7245,388,111,1962,62,1,9,0,4,360178
2352,1,1.8,2.0,7679,1799,552,1926,98,5,9,0,4,419509
1598,2,1.9,3.0,8832,1121,476,1959,65,5,9,0,3,360161
1183,1,2.0,1.0,3058,1051,131,1982,42,1,4,0,0,194121
2566,4,3.9,2.0,9073,2269,296,1948,76,5,11,0,2,530856
2195,1,1.0,1.5,3971,1660,534,1964,60,3,4,0,4,390211
1548,5,2.9,1.0,8060,1522,26,1937,87,1,8,0,4,524102
975,1,2.5,2.0,9253,802,172,1982,42,5,9,0,1,404498
2697,4,1.0,1.0,12389,1909,788,1951,73,3,6,0,3,427225
2520,1,2.8,2.0,12759,1930,589,1900,124,3,9,0,2,412779
1920,6,3.0,1.0,3857,1743,177,1939,85,4,6,0,4,485789
3477,4,3.1,2.0,9415,2644,832,1980,44,3,4,0,1,481718
1143,1,1.0,1.0,17411,819,324,1920,104,2,9,0,0,232975
779,3,3.9,3.0,3220,690,89,1985,39,1,5,0,4,311347
1446,3,1.8,1.0,32731,1237,209,1914,110,1,8,0,1,329448
1963,4,3.2,2.5,3722,1822,140,1949,75,1,9,0,0,417562
2194,2,3.2,2.0,29790,2044,149,2002,22,5,7,0,3,515136
1807,4,1.6,3.0,3774,1785,21,1947,77,5,6,0,0,367704
2281,3,3.2,2.0,7746,1636,645,2002,22,2,10,0,4,573784
998,3,2.1,2.0,6944,710,287,1931,93,3,10,0,2,370058
3155,2,1.0,1.5,2715,3142,12,1948,76,5,9,0,0,556281
1934,4,3.7,1.0,14165,1728,206,1967,57,3,11,0,2,540237
2893,3,1.7,1.5,14759,2646,247,2007,17,3,5,0,2,534197
2274,1,1.6,1.0,13303,1657,616,1944,80,5,6,0,0,393597
2365,1,2.1,3.0,6642,1705,660,1931,93,5,5,0,3,342054
2455,2,2.8,1.0,4622,1837,618,1903,121,2,10,0,0,425540
2358,2,2.4,2.0,19522,1952,405,2016,8,4,8,0,1,523297
2514,1,3.0,2.0,9611,1843,671,1964,60,1,10,0,2,490071
3063,6,1.2,2.0,4424,2554,508,1996,28,5,8,0,4,619583
2157,2,1.8,2.0,9620,1873,283,1970,54,5,8,0,2,557374
2567,5,2.4,1.0,2122,1797,769,1972,52,3,4,0,4,430648
1928,6,4.4,2.0,8832,1415,512,1964,60,4,10,0,1,496210
3152,5,2.4,1.0,13692,2561,590,1979,45,5,11,0,1,696320
1458,4,3.6,2.5,7019,1044,414,1917,107,4,10,0,1,418933
3440,3,2.5,2.0,14310,2546,894,1953,71,1,5,0,0,523005
1967,4,2.0,3.0,15530,1514,453,1946,78,3,9,0,2,429501
855,1,2.3,1.0,10099,709,146,1905,119,2,7,0,4,223412
2102,2,2.3,1.0,33338,1922,179,1965,59,1,7,0,1,372044
1455,4,3.1,1.0,23936,1076,378,1908,116,4,11,0,1,450562
2672,1,3.9,1.0,13384,2462,210,1967,57,4,8,0,4,489709
1477,4,2.9,1.0,10765,1413,64,2008,16,1,11,0,2,389146
1643,6,3.7,2.0,6600,1471,171,1922,102,4,7,0,2,449863
500,3,1.5,1.0,4828,356,143,2017,7,2,11,0,4,307447
1638,1,2.1,2.0,15336,1363,274,2006,18,2,6,0,3,316756
500,2,1.8,2.5,6909,449,50,2008,16,4,5,0,2,184785
732,4,2.8,2.0,3600,728,4,1942,82,4,5,0,4,332290
2608,3,2.1,1.5,4265,2570,37,1950,74,2,11,0,4,521653
2628,1,3.2,1.5,4740,2152,476,1971,53,4,5,0,1,416824
2340,6,1.6,2.0,32953,2070,269,2002,22,5,6,0,4,571050
1226,2,2.5,1.0,15966,1186,40,1924,100,3,9,0,0,336533
1961,5,3.2,2.0,8328,1862,99,1979,45,5,4,1,1,591675
1997,6,1.0,1.5,11284,1685,311,1934,90,4,6,0,1,383095
1073,1,4.6,2.5,12382,835,237,1916,108,4,5,0,2,341455
3202,1,2.2,2.0,4044,2373,829,1917,107,3,5,0,3,504351
2701,2,1.0,2.0,3184,2286,415,1926,98,4,10,0,2,440647
1823,3,2.7,1.5,18792,1671,151,1914,110,3,5,0,0,411261
2021,5,2.5,1.0,2752,2003,18,1980,44,2,9,0,1,544109
2166,1,2.4,2.0,7990,2076,89,2006,18,3,7,0,1,410354
500,1,3.5,2.0,4548,380,119,1968,56,3,4,0,4,217697
1802,3,3.2,1.0,9670,1650,151,1979,45,5,6,0,3,385866
1454,4,2.8,1.0,6618,1144,310,1914,110,4,11,0,3,392216
1198,3,3.0,1.0,12421,1084,113,1941,83,2,5,0,4,333638
1775,4,2.4,2.0,1275,1597,177,2009,15,1,10,0,0,534344
3438,3,4.3,1.0,19861,2687,750,1933,91,3,10,0,3,683586
2512,5,1.0,2.0,14593,1935,577,1947,77,1,8,1,1,640658
1543,6,2.6,2.0,18201,1128,414,1982,42,4,4,0,0,358066
2458,3,2.6,2.0,16599,1757,700,1907,117,3,10,0,2,465787
3119,4,3.3,2.5,10415,2987,132,2010,14,1,8,1,2,830972
2739,1,1.7,2.5,4850,1958,780,1909,115,5,4,0,0,371351
2047,3,1.0,2.0,11507,1487,559,1904,120,1,5,0,1,340497
1482,3,2.7,1.0,10215,1143,338,2015,9,5,4,0,2,357190
2558,2,2.8,1.5,16338,2472,86,1947,77,2,4,0,1,515154
2314,4,4.0,2.0,13323,1851,463,2016,8,4,11,0,4,582259
2716,3,1.2,2.0,8737,2057,658,1925,99,1,5,0,3,377866
2508,5,3.7,2.0,11458,2294,214,1985,39,3,9,0,0,509964
2839,3,4.9,1.0,12300,2259,580,2007,17,4,10,0,3,649275
1571,3,2.1,2.0,19354,1257,314,1922,102,1,8,0,4,458457
3053,2,1.2,1.0,32490,2814,239,1961,63,3,11,0,2,618315
2158,1,2.1,2.0,13064,1673,484,1912,112,3,11,0,1,477660
3660,4,2.5,1.5,12346,3546,113,1908,116,3,9,0,1,621301
1448,3,3.1,2.0,6779,1258,190,2012,12,3,8,0,4,345128
3388,2,1.9,1.0,6157,2918,469,1919,105,1,7,0,0,466513
2158,4,4.1,1.5,4533,1682,476,1991,33,2,10,0,3,500872
1478,6,1.4,2.0,1000,1405,73,2007,17,5,8,0,2,415107
1612,4,1.0,1.0,4140,1406,206,1956,68,5,8,0,0,324426
1743,4,3.6,2.0,7057,1301,441,2000,24,5,4,0,4,474002
2339,2,1.0,2.0,6342,1782,557,1923,101,2,7,0,4,408540
2418,1,2.3,2.0,11675,2032,385,2007,17,3,5,0,1,428236
1541,1,5.6,1.5,4258,1439,101,1932,92,3,5,0,2,336023
1980,1,2.5,2.0,4411,1944,36,1919,105,4,6,0,0,310227
3713,4,1.4,2.0,1493,3338,374,1959,65,5,7,0,1,488454
3382,3,2.4,2.0,11815,2880,501,1947,77,5,4,0,2,543556
2349,4,2.4,2.0,3982,1821,528,1963,61,3,6,0,3,454787
2030,4,2.7,1.5,4569,1831,199,1929,95,5,6,0,3,448800
2096,2,3.2,1.0,12731,2084,11,2007,17,3,5,0,1,417614
2490,6,1.5,1.0,3999,2099,391,1972,52,3,8,1,0,614028
1181,3,4.2,1.0,10984,884,297,2008,16,3,4,0,2,300217
1794,1,2.7,1.5,3086,1311,482,2012,12,1,11,0,3,510231
665,3,3.2,2.0,7967,519,145,1916,108,1,11,0,3,337795
2319,2,1.9,2.0,4975,2019,299,1999,25,1,7,0,0,442626
2517,2,3.8,1.0,6548,2477,40,1913,111,1,6,0,1,447113
1613,3,2.2,3.0,27155,1274,339,1918,106,2,4,0,4,312112
3259,3,2.8,2.0,2183,2580,679,1970,54,4,5,0,2,502922
1019,3,1.6,2.5,25284,860,158,1958,66,4,6,0,3,379560
828,3,1.5,2.0,3885,808,20,1966,58,3,6,0,4,243389
2179,6,3.2,2.0,16240,1799,379,1996,28,5,9,0,0,518846
2837,6,2.1,1.0,19031,2176,661,1943,81,1,5,0,1,446207
3347,3,1.6,1.0,11434,2506,840,1931,93,4,11,0,2,558868
1632,3,1.9,1.0,3057,1366,265,2010,14,4,9,0,0,393748
2862,3,3.2,2.0,10076,2691,171,1910,114,1,5,0,1,408139
1969,2,1.9,1.5,50000,1550,418,2005,19,2,5,0,0,418056
1861,3,2.4,2.0,8176,1589,272,1901,123,2,9,0,3,415200
2706,3,2.5,1.5,7475,2384,322,1989,35,4,11,0,3,628272
2521,3,1.0,2.0,6921,2106,415,1967,57,2,10,0,4,540756
738,1,1.0,1.0,12239,559,179,1916,108,1,4,0,0,153620
3181,4,2.8,1.0,7557,3106,74,1980,44,4,4,0,3,610750
3104,1,1.8,1.5,10174,2699,404,1991,33,1,10,0,1,561150
1499,4,3.6,1.5,6413,1377,121,1993,31,2,4,0,4,408356
2316,2,3.5,1.5,3536,2063,252,1939,85,1,8,0,2,417585
2395,2,3.2,2.0,50000,2393,1,1986,38,2,6,0,0,489479
2208,5,4.3,1.0,7500,1848,360,1945,79,2,4,0,3,444952
1559,4,2.4,1.5,50000,1290,269,1987,37,1,8,0,1,506540
1462,1,3.1,2.0,11383,1181,280,1992,32,2,6,0,0,338991
1979,1,1.9,1.0,13095,1600,379,1903,121,3,4,0,1,275721
2938,5,5.0,2.5,6326,2299,638,1937,87,1,5,0,4,460575
2434,3,4.5,3.0,5042,2420,14,1962,62,3,10,0,3,465750
1703,1,2.5,1.0,6442,1637,66,1928,96,1,7,0,3,335040
2617,1,2.9,1.0,4163,2080,536,1918,106,2,4,0,4,436158
500,5,3.9,1.5,3867,395,104,1990,34,2,7,0,1,175970
2919,4,2.4,2.0,33781,2133,785,1928,96,4,4,0,0,466382
608,4,1.8,2.0,15364,585,22,2019,5,4,5,0,1,253170
1710,1,3.4,2.0,26864,1387,322,1999,25,3,10,0,0,481805
1104,1,2.6,2.0,19928,962,141,1934,90,2,11,0,4,355618
964,4,2.7,1.0,5008,935,28,2015,9,4,10,0,2,335663
2928,2,1.7,2.0,2364,2408,520,1969,55,2,7,0,0,419630
1625,4,1.0,2.0,5607,1531,94,1922,102,1,8,0,3,309512
2277,1,2.7,2.0,8720,1887,389,2002,22,4,5,0,3,440851
1962,1,3.4,2.5,20241,1786,176,1945,79,3,7,0,3,425063
2381,4,2.3,2.0,7756,1975,406,1943,81,4,7,0,1,474412
2061,2,3.9,1.0,50000,1685,375,1947,77,2,9,0,1,516379
973,1,1.8,1.5,5732,970,2,1951,73,5,9,0,1,362514
2797,1,1.4,2.0,13001,2471,325,1907,117,5,5,0,3,421485
1604,3,2.4,1.0,5019,1300,304,1954,70,2,5,0,0,333034
754,4,2.4,3.0,11215,586,168,1965,59,1,5,0,3,290557
1657,2,3.3,1.0,7328,1180,477,1976,48,4,6,0,0,345686
3200,2,1.7,2.0,6641,2918,281,1939,85,5,8,0,1,561117
2680,4,3.9,2.0,4939,2175,504,1984,40,1,4,0,2,415805
1721,3,4.5,1.0,9118,1628,92,1930,94,2,11,0,1,502339
1720,1,2.5,2.5,15818,1392,328,2015,9,1,9,0,4,404789
1742,1,3.7,2.5,3714,1415,327,1947,77,2,10,0,0,324910
3661,3,1.4,2.0,7794,3418,242,1999,25,4,10,0,2,569943
2305,2,3.6,1.0,12022,1952,353,1960,64,1,7,0,1,430781
2344,3,3.5,1.0,13993,2263,80,2011,13,4,9,1,2,710890
2824,2,3.4,1.5,35969,2476,347,1951,73,1,4,0,3,504874
2191,6,2.5,1.0,12873,1691,499,1937,87,2,5,0,0,343481
1792,6,1.0,2.0,5883,1560,232,1990,34,2,10,0,4,493391
1842,4,1.9,3.0,5144,1292,550,1935,89,1,9,1,3,617157
1942,2,1.9,2.0,5093,1541,400,2011,13,2,8,0,2,393194
1970,2,1.5,2.5,4871,1502,468,1986,38,3,8,0,1,434333
2582,1,2.6,2.0,9629,2314,267,1954,70,3,11,0,0,525554
2041,5,2.1,2.0,11343,1512,529,1984,40,4,6,0,4,472661
2586,2,1.7,2.5,15672,2035,550,1912,112,3,9,0,1,510950
1935,4,1.4,2.0,13794,1547,388,1936,88,3,5,0,4,449273
2062,4,1.8,2.5,21957,1446,616,1946,78,5,7,0,0,406044
500,4,3.6,1.0,4745,357,142,1989,35,5,11,0,2,432935
2733,5,1.8,1.0,30007,2168,564,2003,21,5,11,0,4,615451
2277,3,2.0,2.5,4896,1745,531,1970,54,5,6,0,0,461364
2798,3,2.0,2.0,10703,2057,741,2009,15,2,5,0,4,546756
500,5,2.8,2.5,6934,373,126,2002,22,4,11,0,1,364220
3670,4,3.0,2.5,7949,3489,181,1921,103,4,6,0,4,595648
1888,3,1.0,1.0,13874,1708,179,1938,86,3,9,0,1,383629
2886,4,3.5,2.0,2563,2439,446,1986,38,4,4,0,1,446384
1168,3,3.9,1.5,4168,1136,31,1957,67,3,11,0,0,351299
2490,3,1.4,2.0,14755,1765,724,1929,95,4,10,0,3,537610
1157,4,1.5,2.0,8089,929,227,1917,107,1,9,0,4,379105
1500,3,2.0,1.0,6599,1421,79,2005,19,1,5,0,2,323820
3531,1,1.7,2.0,3305,3137,393,1917,107,4,7,0,1,456886
1847,3,2.7,2.0,6636,1837,10,2009,15,2,7,0,3,369064
2173,2,1.0,1.0,13971,2137,36,1973,51,3,5,0,1,369530
2696,2,1.4,2.0,5162,2024,671,1938,86,4,6,0,3,421280
2396,4,4.0,2.0,24130,2376,20,1993,31,3,8,0,3,622313
2120,4,1.6,2.5,19177,2085,34,1925,99,5,5,0,2,386849
2291,1,3.7,1.5,6123,1861,430,1970,54,4,10,1,3,737963
3922,6,2.9,1.0,5036,3902,20,1906,118,2,11,0,2,625144
1953,3,1.0,2.0,1000,1388,565,1968,56,5,9,0,0,395215
2160,2,3.1,1.0,3423,1940,219,1964,60,4,7,0,1,428571
2840,6,2.4,3.0,3259,2215,625,1945,79,1,4,0,2,477784
2884,1,2.0,1.0,2579,2131,753,1917,107,4,7,0,1,461896
2949,6,2.7,2.0,7873,2575,373,1912,112,1,8,1,4,707888
2510,3,3.0,2.0,10401,1988,522,1924,100,1,11,0,0,486537
1085,3,3.2,1.5,34603,977,108,2003,21,4,7,0,4,419140
3306,5,3.7,1.0,8545,2850,456,1907,117,4,8,0,4,527874
1082,5,2.9,2.0,1592,885,197,1973,51,1,11,0,3,406044
2242,2,1.1,2.0,4455,1691,550,1931,93,3,10,0,3,506621
1396,4,2.0,1.0,13206,1229,167,1916,108,5,11,0,4,519674
1948,3,5.4,2.5,7592,1848,99,2001,23,2,5,0,3,463567
2263,6,3.2,1.5,16082,1991,271,1978,46,4,7,0,1,518928
2257,1,4.9,1.5,5372,1993,263,1978,46,5,6,0,3,343025
2337,3,3.9,2.0,20366,1995,342,1947,77,5,9,0,4,695783
3290,5,2.7,1.0,9865,2686,603,1962,62,3,6,0,3,635502
2362,3,2.8,2.5,10068,1978,384,1939,85,5,9,0,3,551396
1804,2,2.5,1.5,9135,1799,5,2014,10,4,7,0,2,426788
2771,1,1.0,1.0,4393,2563,208,1983,41,5,10,0,2,403870
2951,1,2.5,1.5,7740,2447,504,1914,110,4,7,0,4,505023
1017,4,3.7,2.0,10249,852,165,1998,26,4,9,0,1,401537
2477,6,1.9,2.0,2642,2105,371,1905,119,1,10,0,0,381618
2560,2,2.9,2.0,8635,2299,261,1993,31,3,4,0,0,443951
1761,4,3.4,1.0,21416,1479,282,1962,62,2,10,0,4,555131
3100,1,1.6,1.0,11465,2808,291,1907,117,1,7,0,1,455369
1879,1,2.0,2.0,24193,1501,378,1994,30,2,4,0,1,378976
2100,6,1.5,1.0,11228,1729,371,2011,13,4,4,0,1,443308
1861,2,1.7,2.5,3951,1785,75,2010,14,1,9,0,2,393585
2012,2,1.2,1.0,15254,1607,405,1931,93,5,4,0,4,416357
1122,3,1.6,2.0,3252,1110,11,1944,80,5,4,0,0,328985
847,4,3.9,1.5,6858,637,210,1951,73,2,5,1,1,475366
3275,2,1.6,2.0,6497,2530,745,1978,46,4,10,0,4,563553
1322,1,2.6,1.0,4709,1109,212,1981,43,2,11,0,0,290281
1206,2,2.0,1.0,50000,1133,73,1912,112,3,6,0,2,384692
500,1,3.7,1.0,7645,459,40,1923,101,5,4,0,3,255683
1488,1,3.8,1.0,34477,1120,368,1939,85,1,11,0,0,440701
941,3,3.4,1.5,10666,725,215,1913,111,1,6,0,0,236164
3313,2,2.8,2.0,4201,2891,422,1991,33,1,11,0,0,584211
2807,6,2.3,2.0,5839,2214,593,1974,50,5,4,0,3,484716
1449,2,1.3,2.0,7857,1198,251,1969,55,4,6,0,1,287244
3801,2,4.4,2.0,6164,3216,585,1961,63,5,7,0,3,592860
2785,2,1.7,2.0,6508,2446,339,2019,5,5,7,0,0,450867
1740,6,3.2,1.5,12822,1349,390,1988,36,1,6,1,2,643134
500,1,3.6,2.0,10854,374,125,1960,64,5,10,0,0,299638
3832,4,1.9,1.5,14072,3141,691,1900,124,1,4,0,2,482020
888,4,3.5,2.0,27483,643,244,1988,36,4,5,0,4,315774
683,2,3.3,1.0,5556,586,97,1965,59,3,11,0,2,372496
2818,3,4.2,1.0,19754,2682,135,1931,93,1,10,0,0,586720
3951,1,2.0,2.0,24707,2907,1044,1912,112,2,6,0,3,527847
3107,3,1.2,1.0,22813,2280,827,1932,92,3,10,0,0,537347
2451,4,2.0,2.5,1982,1774,676,1931,93,4,11,0,0,443366
2475,2,2.7,2.5,34137,2362,112,1955,69,3,8,0,4,537397
2682,4,2.6,1.0,4870,1942,739,1923,101,1,5,0,1,436281
2607,1,2.1,1.0,1858,2594,12,1990,34,4,11,0,0,579945
2224,2,1.0,2.0,33472,1796,428,1903,121,2,8,0,4,431587
2083,4,3.0,2.0,12218,1663,419,1987,37,1,11,0,3,548824
1949,4,4.5,1.0,12629,1418,531,1922,102,1,11,0,4,532552
1396,2,3.0,2.0,6212,1223,173,1928,96,4,6,0,4,341014
1775,3,3.1,2.0,9373,1554,220,1997,27,4,4,0,2,447434
645,4,3.1,1.5,7248,547,98,1920,104,3,10,0,1,294260
1921,4,2.9,1.0,4917,1524,397,1929,95,2,10,0,1,444692
1209,3,3.4,2.0,8253,980,229,1989,35,3,8,0,3,362712
1117,3,2.9,1.0,8870,889,227,1919,105,3,10,0,4,401959
2143,3,2.2,2.0,2814,1774,369,1915,109,1,6,0,3,389889
3113,2,1.7,1.5,8471,2498,614,1966,58,4,5,0,3,556730
2734,3,2.3,2.0,1939,2468,266,1948,76,1,4,0,1,484887
743,4,2.8,2.5,37657,586,157,2000,24,2,8,0,1,428177
1208,5,2.2,2.5,7464,972,235,1957,67,3,10,0,1,421049
2752,5,2.8,1.5,3438,2286,466,2003,21,2,6,0,0,461818
1214,1,2.9,1.0,12216,851,362,1943,81,4,4,0,4,191136
1820,5,3.3,2.0,4458,1542,277,1924,100,4,4,0,3,445858
2440,4,3.8,1.5,7915,1895,544,1922,102,5,7,0,4,600885
1225,2,2.6,1.0,11665,878,346,2007,17,2,4,0,3,326681
2084,2,1.2,2.5,3592,2028,55,1958,66,1,11,0,3,387691
932,1,2.2,1.0,38552,743,189,1900,124,2,6,0,3,364598
1518,3,2.5,1.0,41603,1257,261,1996,28,3,5,0,3,484511
2255,5,1.0,1.0,5322,2138,116,1914,110,4,9,0,2,344360
725,1,3.9,2.0,3298,544,181,1980,44,4,7,0,2,307506
2352,2,2.6,2.0,5302,2246,105,1997,27,2,6,1,0,624117
1984,3,2.9,1.5,5534,1532,451,1980,44,2,6,0,1,307996
2441,3,3.9,1.5,19698,2140,301,1951,73,2,6,0,3,428634
2179,3,1.9,1.5,5376,1973,205,1957,67,3,8,0,4,505291
3091,3,3.1,2.0,3199,3003,88,1940,84,3,10,0,2,563126
2100,5,2.4,1.0,8789,1852,247,1943,81,1,8,0,1,370450
1656,4,2.3,2.5,2458,1384,271,1903,121,2,11,0,0,348831
2097,3,1.7,1.0,19041,1828,269,1976,48,1,5,0,1,319727
2434,5,4.2,3.0,13095,1851,582,1967,57,5,11,0,3,617408
2039,4,2.1,1.0,5014,1848,190,1906,118,3,6,0,1,399419
2032,1,3.2,2.0,5472,1536,495,1945,79,4,10,0,3,521516
1438,3,1.0,1.0,9887,1247,191,1908,116,5,11,0,2,357215
1469,3,3.7,1.0,3352,1314,155,1986,38,4,8,0,2,387182
877,1,3.6,2.5,4314,851,26,1932,92,5,8,0,3,351260
3399,5,2.6,2.5,6766,2838,560,1932,92,1,8,0,4,626590
1004,3,2.3,1.5,2821,937,67,1983,41,1,5,0,2,280767
1445,2,2.9,2.0,5633,1084,361,1903,121,3,5,1,4,577210
1425,3,4.8,2.0,3434,1064,360,1964,60,4,6,0,3,482072
2715,3,1.0,2.5,25360,2328,387,2017,7,5,7,1,3,679813
1764,3,3.3,1.5,5867,1550,213,2005,19,2,11,0,2,546319
2998,1,1.6,2.0,3799,2667,330,1933,91,2,6,0,4,520671
1461,5,2.5,2.0,13898,1349,111,1990,34,3,8,0,3,375340
2223,1,2.3,1.5,4901,1752,470,1984,40,4,9,0,2,481592
1331,4,2.1,2.5,3354,1180,150,1987,37,2,11,0,3,451754
3716,2,2.5,1.0,16481,2811,905,1978,46,3,10,0,1,579426
1049,3,1.4,1.0,6257,803,245,1998,26,3,8,0,1,316939
2247,4,3.5,2.0,15880,1618,628,1963,61,4,4,0,2,456803
2507,3,1.0,2.0,8006,2316,190,1924,100,2,9,1,3,602717
2331,6,3.0,1.0,8985,1986,344,1954,70,2,9,1,2,684724
1851,2,2.2,1.5,12715,1428,423,1908,116,2,10,1,0,652767
1896,2,1.3,2.5,4876,1643,252,1916,108,1,6,1,2,601968
2035,1,2.7,1.0,4237,1640,394,1920,104,2,8,0,2,320335
1882,1,1.0,2.0,21193,1790,91,1959,65,5,8,1,1,479889
2771,5,2.5,2.0,12876,2378,392,1912,112,1,7,0,1,531825
3768,2,1.1,1.5,7677,2671,1096,1902,122,1,4,0,3,565973
1554,1,3.0,2.5,15314,1547,6,1967,57,1,6,0,2,388286
904,2,1.6,2.0,12483,653,251,1903,121,1,5,0,2,199166
1929,5,2.0,2.0,17234,1753,175,2006,18,3,6,0,3,404954
4063,4,2.8,2.0,3247,3377,686,1991,33,5,11,0,4,774118
1357,4,1.7,2.0,7697,1051,305,1906,118,4,11,0,3,455745
3311,4,2.4,2.0,20007,2989,321,1925,99,2,9,0,1,540283
3342,4,1.0,2.5,31001,2465,876,1974,50,1,6,1,1,762470
1557,1,3.1,1.5,5277,1490,66,1923,101,4,7,0,2,323494
2455,3,4.3,1.0,9203,1903,551,2006,18,3,6,0,1,521595
3302,1,5.3,1.0,8229,2670,632,1909,115,4,7,0,3,455670
1696,4,2.6,1.0,2994,1509,186,2000,24,1,9,0,2,432358
1837,4,3.3,1.0,6437,1286,550,1912,112,5,7,0,3,401613
1534,3,1.0,2.5,2291,1291,242,1943,81,4,10,0,3,486650
1188,3,4.0,2.0,7087,1150,37,2005,19,1,10,1,2,619133
1480,3,3.3,2.0,3531,1338,141,1938,86,1,11,0,4,451650
1020,4,2.0,2.0,9282,833,187,1918,106,2,8,0,1,250732
2027,2,3.7,2.0,6323,1820,206,1950,74,2,5,0,0,348359
1384,3,2.2,2.0,6243,1357,26,1918,106,5,9,0,0,376296
2187,4,2.0,2.5,28077,1654,532,1975,49,2,11,0,0,500515
755,5,3.0,1.5,8575,649,106,1951,73,5,7,0,1,311195
2264,2,1.4,2.5,36409,1744,519,1985,39,3,4,0,4,476986
2666,2,3.5,2.0,11580,2550,116,1946,78,3,9,0,3,443003
500,1,1.4,1.0,15559,458,41,2000,24,2,4,0,2,179557
2299,2,1.4,2.0,4041,2162,137,2019,5,3,5,0,4,471695
2982,4,1.6,2.0,4652,2931,50,1929,95,4,7,0,0,459189
1032,2,3.3,1.0,8215,794,237,1945,79,4,9,0,1,455879
3338,2,1.9,2.0,21385,2385,952,1975,49,4,9,0,1,599861
2335,4,1.2,1.5,6061,1838,496,1992,32,3,5,0,2,326822
1435,3,1.9,1.0,2578,1177,258,1920,104,4,8,0,3,372363
1955,4,2.5,2.5,11141,1735,219,1974,50,5,4,0,4,379543
2446,1,1.3,2.0,8528,2298,148,2000,24,1,9,1,4,691507
2060,3,1.3,2.5,5214,1658,401,1947,77,2,6,0,4,362446
2431,6,4.6,2.0,6012,2047,383,1961,63,5,4,0,3,477822
1263,3,1.6,1.5,4036,1182,81,1957,67,4,11,0,3,449767
2135,1,2.2,2.0,16968,1639,496,1917,107,1,7,0,3,312464
869,3,2.1,2.0,8255,664,204,2007,17,2,5,0,2,257641
1911,6,2.1,3.0,9822,1675,235,1958,66,5,11,0,1,479074
1276,4,3.1,1.0,5028,1060,216,1990,34,2,4,0,0,359415
1411,4,3.4,2.5,23599,1389,21,2000,24,3,6,0,3,413132
2988,1,2.2,2.5,9668,2412,576,1947,77,4,10,0,1,488055
2873,5,1.3,2.0,1461,2665,207,1962,62,5,6,0,3,519741
2487,1,3.8,2.5,11707,2176,311,1911,113,5,11,0,0,465047
1126,5,2.4,1.5,6558,806,319,1986,38,1,5,0,3,277832
1746,2,4.2,3.0,7107,1267,479,1933,91,1,11,0,1,461362
2970,1,1.0,2.0,17942,2260,710,1960,64,1,5,0,2,297628
2113,3,2.7,1.0,8698,1570,543,2001,23,2,10,0,0,414462
3855,6,4.4,2.5,31884,3079,775,1986,38,4,4,0,1,645255
2314,3,2.1,2.0,8817,2022,292,1952,72,2,7,1,4,727556
2153,2,2.3,2.0,5578,1896,256,1924,100,4,8,0,4,462904
1752,2,2.8,2.0,1899,1535,216,1961,63,5,6,0,4,397915
2106,2,1.9,1.0,4562,1549,557,1903,121,2,5,0,2,323265
1878,3,2.2,2.0,6261,1652,225,1993,31,2,8,0,3,433816
2566,6,2.2,2.0,26187,2112,454,1993,31,2,11,0,3,623235
2765,1,1.9,1.0,5605,2684,80,1912,112,3,8,0,3,461111
1371,3,3.7,1.0,30140,1335,36,1941,83,4,8,0,2,524162
935,3,3.0,1.0,3233,869,65,1948,76,4,7,0,4,304423
531,4,2.8,1.5,4367,483,47,1977,47,2,5,1,3,460816
2406,3,3.3,2.0,19961,1767,638,1955,69,3,11,0,2,552589
1117,3,2.2,2.0,5033,810,306,1946,78,2,6,0,2,333295
500,3,1.7,2.5,19523,476,23,1907,117,4,5,0,1,189271
2310,3,1.9,2.0,4183,1913,397,1954,70,5,4,0,3,394572
3994,6,2.5,1.0,4532,3336,657,1987,37,3,11,1,4,851948
1995,2,1.4,2.5,13541,1904,91,1917,107,3,6,0,0,396558
2670,2,2.0,2.0,4230,2367,303,1934,90,2,11,0,2,419390
2065,3,2.0,2.0,6505,1556,508,1988,36,5,5,0,1,433292
1920,3,4.6,2.0,11112,1466,454,1980,44,4,6,0,0,515735
2735,4,1.0,2.5,6620,1919,815,1931,93,1,4,0,2,494052
1767,2,2.3,2.0,5166,1614,153,2019,5,4,9,0,1,419117
2213,3,4.2,1.5,3084,1872,341,1923,101,4,6,0,3,420650
2257,3,2.6,2.0,25834,2223,33,1906,118,5,9,0,1,489025
1465,3,3.3,1.0,29998,1339,125,1912,112,3,8,0,2,449386
2793,2,2.6,1.5,10545,2041,751,1990,34,4,10,0,3,563345
1860,3,1.8,1.5,6729,1392,467,2011,13,3,11,0,4,479264
1395,1,1.0,1.0,7032,1186,208,1968,56,5,7,0,1,374239
2429,5,2.7,1.0,15768,2374,54,1999,25,5,4,0,0,469722
1281,4,1.7,1.0,18498,991,289,1989,35,2,6,0,3,350830
2022,3,1.7,2.0,5259,1916,105,1941,83,1,4,0,3,292960
1992,4,2.0,2.0,19142,1581,411,2008,16,5,8,0,4,570921
2868,3,4.2,3.0,13254,2240,628,1930,94,5,9,0,1,582406
2379,3,4.9,1.5,18878,2309,70,1973,51,3,7,0,0,495718
1979,4,2.7,2.0,2249,1414,565,2009,15,5,4,0,4,342655
2654,3,2.0,2.5,5794,2384,270,1925,99,4,9,0,1,533262
3112,4,1.3,1.0,7056,2218,893,1985,39,2,8,0,0,453957
2446,2,3.0,2.0,5568,2300,146,1975,49,2,8,1,0,668384
2008,5,4.3,2.0,37566,1905,102,1931,93,4,8,0,2,494777
950,4,2.3,1.0,5837,920,30,1990,34,5,11,0,0,329862
1147,2,1.0,2.5,11786,867,280,1996,28,1,10,0,1,388270
1755,3,3.2,2.0,9156,1294,461,2016,8,5,11,0,4,537527
1512,4,3.5,1.0,6424,1287,225,1951,73,2,9,0,4,421920
1850,4,1.0,1.0,4596,1446,404,1919,105,1,6,0,2,419259
2045,4,2.7,1.0,41968,1803,241,2002,22,3,5,0,1,574367
2423,5,3.0,1.5,6785,2070,353,2004,20,3,4,0,0,425366
1943,2,2.4,2.0,16325,1444,498,1939,85,5,10,0,2,405556
2389,3,1.7,2.0,8040,2202,186,1958,66,5,5,0,3,513329
2051,3,3.5,1.0,5614,1930,120,1976,48,1,8,0,1,352894
500,3,2.1,2.5,8836,494,5,1913,111,1,5,0,2,214881
1248,2,1.0,1.5,10368,1022,226,1943,81,5,9,0,4,359416
1884,3,1.0,1.0,5565,1510,374,2003,21,2,11,0,2,447902
1032,2,3.8,1.5,4395,782,250,2016,8,3,8,0,3,433241
2479,6,3.1,2.0,11860,1870,609,1985,39,1,11,0,1,514622
3224,4,2.6,1.5,8893,2567,656,1981,43,2,10,0,2,564657
2975,2,2.1,1.0,4809,2958,16,1947,77,5,8,0,0,532417
1829,1,2.0,1.0,3824,1331,498,1992,32,4,7,0,1,463578
3192,4,1.4,2.0,10715,2483,709,1942,82,1,7,1,2,829760
2118,4,2.1,3.0,1746,1537,581,1915,109,4,10,0,2,384373
1730,2,1.0,1.5,6578,1353,377,2009,15,2,9,0,1,365208
1509,6,1.8,1.5,9027,1098,410,1934,90,3,9,1,4,571363
1758,3,2.2,2.0,32537,1498,259,1952,72,2,5,0,0,415039
1689,1,3.1,2.0,8171,1404,284,1933,91,3,10,0,1,399479
2136,3,2.5,1.5,6368,1606,529,1902,122,2,11,0,0,468659
2128,1,3.3,2.5,10174,1601,526,1967,57,1,4,0,0,326862
2002,2,3.8,2.0,4567,1777,224,2017,7,1,10,0,1,498591
2349,3,3.6,2.0,6801,1917,431,1904,120,4,5,0,2,407982
2952,2,3.0,2.0,8295,2116,835,1909,115,2,9,1,4,731010
2759,3,2.5,3.0,13408,2693,66,1951,73,2,4,0,0,400146
812,3,1.5,2.0,4729,667,144,1928,96,4,10,0,0,363456
500,2,3.2,1.0,8066,438,61,1995,29,5,5,0,2,207095
2747,5,4.2,1.5,1933,2653,94,1930,94,2,6,0,1,466121
906,1,2.8,2.0,12250,743,162,1965,59,2,11,0,4,462325
1820,3,4.4,1.5,6738,1722,97,1975,49,2,6,0,0,448552
1063,3,1.0,2.0,36587,1036,27,1990,34,5,11,0,0,390404
558,3,1.3,2.0,10732,420,138,1968,56,1,4,0,1,149874
2433,4,3.4,2.0,4049,2354,78,1936,88,4,7,1,2,698446
2607,4,2.8,3.0,3378,1918,688,1926,98,5,11,0,3,592449
1538,1,3.8,1.0,13757,1204,334,1986,38,3,4,0,2,404095
500,4,2.5,2.5,34103,471,28,1932,92,3,5,0,0,196510
1563,2,1.6,2.0,26692,1516,46,1967,57,5,8,0,0,471454
2313,1,2.3,1.5,3071,2094,219,1958,66,5,6,0,4,391210
816,3,1.0,2.0,9534,597,219,1963,61,1,8,0,2,341988
2146,4,1.4,1.0,19962,1839,307,1984,40,3,6,0,3,369392
1987,1,3.5,2.0,2771,1732,254,1987,37,4,5,0,4,357206
2463,4,3.4,2.0,18580,1932,530,1943,81,2,6,0,3,569645
2095,3,2.9,1.0,4618,2090,5,1994,30,2,4,0,4,490549
1221,4,1.0,2.0,6820,978,243,2007,17,1,8,0,2,347311
2957,1,2.1,2.0,10110,2256,700,2011,13,1,9,0,0,490105
1873,2,1.3,1.0,19046,1373,500,1987,37,3,8,0,3,430231
1978,6,3.7,1.0,27598,1609,368,1948,76,4,5,0,2,490896
1253,4,1.9,1.5,6258,1137,115,1952,72,4,9,0,3,408339
1645,4,1.4,2.0,5520,1265,379,1973,51,5,8,0,2,396554
1292,2,2.5,2.5,5234,1202,89,1948,76,1,11,0,4,290357
1861,1,1.9,2.5,15118,1378,482,2012,12,2,10,0,2,423612
3369,2,4.0,2.0,17969,2803,565,2013,11,2,11,0,4,604380
902,3,1.8,2.0,16573,821,80,1965,59,3,5,0,0,303662
709,2,1.1,1.5,10055,525,183,1994,30,2,10,0,4,348481
3176,4,1.0,2.0,10880,2793,383,1962,62,4,7,0,1,522891
1832,3,2.5,1.0,6739,1722,110,1924,100,4,4,0,0,306231
1464,3,1.9,1.5,7261,1287,177,1903,121,1,11,0,2,460372
2831,1,1.1,2.0,16045,2416,415,1950,74,3,6,0,2,511668
1515,3,3.7,1.0,10010,1441,73,1910,114,2,10,0,1,395175
3460,4,3.2,2.0,5549,3445,15,1916,108,1,6,0,2,493784
2542,3,2.5,2.0,19525,1917,624,2007,17,5,6,0,0,566360
1609,2,3.9,1.5,4982,1460,149,1965,59,5,7,0,0,387421
3725,2,3.2,1.5,9104,2698,1027,1969,55,2,4,0,4,525814
1515,4,1.7,2.5,3004,1080,435,1972,52,2,8,0,3,349678
2593,1,1.5,2.0,3802,2034,559,1968,56,2,10,0,2,503976
2239,4,3.3,1.0,8227,2219,19,1983,41,4,8,0,1,532283
3041,1,2.9,1.5,4642,2632,408,1928,96,2,11,0,0,543148
3249,2,2.7,2.0,6745,2535,713,1984,40,5,4,0,0,531334
2025,1,1.7,2.0,21388,1498,527,1972,52,2,9,0,0,403925
1397,1,3.1,1.0,7333,1363,33,1991,33,3,4,0,3,292302
2367,2,1.7,1.5,16645,1915,452,2018,6,5,6,0,3,498184
1457,4,2.4,2.5,4339,1154,303,1971,53,3,8,0,2,382329
3610,3,3.9,2.0,12570,3456,153,1994,30,5,4,0,1,540375
2109,4,1.8,3.0,3640,1858,250,1919,105,1,8,0,3,406677
1707,2,1.0,2.0,6635,1281,425,1926,98,5,4,0,4,364542
2147,3,1.4,2.5,12985,1775,372,1907,117,5,5,0,3,381937
922,5,3.5,1.0,8186,902,19,2017,7,3,11,0,0,486878
1222,5,2.8,2.0,17220,1186,36,1984,40,3,10,0,1,365441
2960,3,2.4,1.0,13821,2134,825,1960,64,5,6,0,2,481034
1474,4,2.0,2.0,6331,1150,323,1927,97,5,4,0,3,302834
1162,4,3.0,2.0,22869,867,294,1986,38,4,7,0,0,423890
2429,3,1.7,1.5,11487,2089,339,1969,55,1,4,0,4,421288
2948,2,2.8,2.5,6667,2727,221,1902,122,1,5,0,4,402472
2575,3,1.8,2.5,9105,2030,544,1968,56,2,11,0,2,428143
2796,3,1.6,1.0,8714,2593,203,1972,52,5,7,0,2,445809
1394,5,1.9,2.0,9521,1255,138,1906,118,5,7,0,3,284771
862,3,2.1,1.5,7234,792,70,1959,65,5,11,0,2,416265
3201,2,2.5,1.5,10916,3151,49,1903,121,5,4,0,0,402752
1741,4,2.7,2.0,15242,1441,300,2002,22,1,5,0,0,403729
1799,4,1.0,1.5,11389,1444,354,1904,120,3,7,0,0,367401
3062,1,1.7,2.5,11083,2772,290,1910,114,4,10,0,3,598886
2444,5,2.1,1.0,7476,2303,141,1914,110,3,6,0,3,405343
2364,2,4.0,2.0,3988,1791,573,1963,61,3,9,0,2,509259
3732,1,1.4,2.0,3283,3560,171,1997,27,1,6,0,3,543650
1485,2,2.7,1.0,4600,1065,419,1912,112,4,8,0,0,332883
2742,5,4.0,1.5,5799,1924,817,2017,7,5,8,0,1,578799
2045,4,1.2,2.0,30866,1529,516,2011,13,1,5,0,0,454694
2214,5,2.9,2.0,22055,2200,14,1906,118,1,7,0,1,471635
3222,4,1.7,1.5,5040,2762,460,2003,21,4,6,0,2,544697
2406,1,2.0,2.0,11611,1718,688,1905,119,2,6,0,4,381309
2430,2,1.7,1.0,7676,2428,2,1955,69,1,9,0,3,420650
2858,1,1.8,1.0,9786,2639,218,1963,61,3,5,0,3,453166
1708,4,5.2,2.0,5224,1625,83,2002,22,3,10,0,0,489671
1328,2,3.3,1.0,48698,1014,313,1949,75,5,7,0,0,418353
1164,2,3.6,2.0,36011,851,312,1929,95,1,5,0,1,255373
500,3,3.0,2.0,6411,427,72,1921,103,5,4,0,3,220968
3644,4,1.0,2.5,5028,3395,249,1924,100,1,6,1,2,685698
1117,2,2.9,2.0,16989,996,121,1927,97,4,5,0,0,286399
1822,3,3.6,2.5,3078,1621,201,2017,7,1,5,0,3,522857
1778,4,1.6,2.0,15942,1648,129,1983,41,2,9,0,4,480445
2245,2,3.5,2.0,8958,1725,520,1938,86,3,10,0,1,534600
2652,3,3.2,3.0,2572,2383,269,1966,58,4,4,0,0,400263
2688,2,4.4,2.0,7176,2198,490,1904,120,3,8,0,0,469564
1533,5,2.1,1.0,4795,1105,427,1964,60,5,6,0,2,440610
1866,6,1.4,2.0,9222,1419,446,1914,110,4,9,0,0,337087
2226,4,2.1,2.5,8484,2088,137,1989,35,2,10,1,3,694979
1801,2,3.9,2.0,2757,1744,56,1966,58,3,10,0,3,486685
3285,1,1.0,2.0,6202,2578,706,1939,85,1,5,0,3,444862
2392,3,1.0,2.0,12833,1811,581,2004,20,1,6,0,4,421549
2587,3,2.6,3.0,14728,1832,755,2010,14,1,11,1,4,754501
2530,2,2.1,1.0,6060,2490,39,2005,19,4,8,0,0,487281
2938,1,2.5,2.0,11686,2660,278,1997,27,2,11,0,4,507841
2144,6,3.4,1.0,10027,2117,27,2015,9,2,11,0,4,577946
962,4,1.9,2.0,7768,923,39,1968,56,2,11,0,2,404293
2319,6,1.0,2.0,11744,1860,458,1994,30,3,10,0,4,527356
1478,4,4.5,1.0,3865,1085,393,2014,10,4,5,0,1,310789
1577,2,1.5,1.0,8109,1340,237,1976,48,1,10,0,1,341868
2469,2,1.4,2.0,2245,1748,720,1942,82,3,4,0,1,355825
2990,4,3.6,1.0,7759,2227,762,1900,124,2,10,0,0,467809
2017,2,2.1,1.0,25337,1553,463,1921,103,1,6,0,3,389140
2247,5,2.4,2.0,6275,2021,225,1961,63,4,10,0,2,520908
3361,4,3.0,1.5,23389,2867,494,1978,46,5,10,0,0,712326
2192,1,3.6,2.0,6355,1733,458,1925,99,2,11,0,3,462977
4081,1,2.2,2.5,3402,3548,532,1917,107,2,9,0,2,597022
2452,4,4.0,1.0,13798,1808,643,1947,77,2,4,1,2,612088
591,2,1.0,1.5,11744,548,43,1908,116,2,8,0,2,203268
2602,2,3.3,2.0,50000,2377,224,1900,124,1,8,0,1,552373
2304,5,1.7,2.0,3701,1763,541,2006,18,4,6,0,1,442076
3031,3,3.9,2.5,10776,2673,358,1908,116,3,8,0,1,568646
2538,4,2.6,2.5,11088,2160,378,1922,102,1,7,0,2,449821
1889,1,1.8,2.0,18893,1356,532,2006,18,4,9,0,2,402924
1020,2,3.2,1.0,12380,799,221,1944,80,3,6,0,1,254613
1832,3,3.4,1.0,6435,1832,0,1901,123,2,10,0,2,531465
1319,3,3.1,1.5,3439,963,356,1913,111,4,7,0,1,317941
1535,2,1.5,1.0,10692,1308,227,1937,87,2,8,0,1,247730
2470,3,2.0,2.0,10932,2359,111,1939,85,4,10,0,1,439774
3335,2,2.5,2.0,13428,2636,699,1962,62,5,6,0,3,531244
2315,2,2.5,1.0,6428,1802,513,1981,43,2,11,0,2,445146
1043,4,3.2,2.0,10122,1009,34,1915,109,2,7,0,0,238859
2355,4,1.0,1.0,2355,1864,491,2016,8,2,8,0,1,519396
2957,1,2.8,1.5,3556,2648,309,1992,32,1,5,0,0,465090
1512,4,2.2,2.0,17127,1394,117,2007,17,3,5,0,3,385130
1892,1,1.7,1.5,9356,1772,120,1974,50,2,4,0,2,296049
2011,5,1.8,1.5,11856,2008,3,1905,119,2,5,0,1,346165
1372,1,2.3,1.0,5020,1291,81,1902,122,1,11,0,1,409568
2518,4,1.0,1.5,4535,2259,259,1913,111,1,7,0,1,349680
1903,3,1.8,2.0,5774,1843,59,1965,59,5,11,0,0,375494
2335,2,1.6,2.5,9800,2269,66,1995,29,4,9,0,3,533893
1290,2,3.0,1.5,14026,1279,10,1994,30,2,5,0,2,380451
1650,1,1.7,1.5,6638,1539,110,1974,50,4,6,0,3,428778
2577,2,2.3,2.0,2148,1955,622,1985,39,1,6,0,1,399242
1701,1,4.0,2.5,11168,1553,148,1966,58,1,6,0,3,359549
3381,3,3.5,1.0,10033,2443,938,2013,11,5,5,0,0,665752
1680,1,3.4,1.5,11888,1336,343,1930,94,3,10,0,4,463114
2179,1,2.0,2.0,16077,1601,578,1932,92,1,11,0,4,464876
2746,2,3.0,2.0,15093,2704,41,1987,37,2,5,0,2,502107
865,5,2.3,1.0,24068,693,171,1900,124,5,4,0,2,269858
591,6,2.3,2.0,8289,540,50,1943,81,3,9,0,3,349833
779,2,2.9,1.0,5735,679,100,1914,110,5,10,0,2,337312
3010,3,1.9,2.0,18632,2204,805,1936,88,1,9,0,0,549524
1558,5,4.0,2.0,16758,1353,205,1926,98,3,10,0,1,401015
4046,5,2.3,2.5,6725,3635,411,2001,23,4,10,0,1,721975
1548,1,3.1,2.0,19627,1493,55,1947,77,3,8,0,3,344060
2147,3,4.0,1.0,8600,1548,599,1926,98,2,4,0,1,461074
3233,3,3.5,1.0,22495,2550,683,2007,17,4,7,0,3,601873
3604,1,1.1,2.5,32317,3272,332,1911,113,4,6,0,2,474742
3649,1,2.9,1.0,50000,2592,1057,1966,58,2,5,0,2,748961
2966,1,3.4,1.5,8516,2257,708,1929,95,4,8,0,0,467908
2819,3,3.4,1.0,25143,2158,660,1995,29,1,8,0,1,548337
2474,2,1.4,2.0,16043,2228,245,1986,38,3,10,0,0,406521
