age,income,recency,frequency,monetary,website_visits,email_opens,social_media_follows,previous_campaigns,channel_preference,preferred_category,response
52,52845,46,9,1328,9,1,1,3,sms,electronics,0
42,37886,4,10,2287,10,6,1,2,sms,home,1
54,52753,3,6,693,15,7,0,3,phone,electronics,2
67,67912,151,11,3686,11,3,1,3,sms,books,0
41,50479,17,6,3276,5,1,1,2,email,electronics,0
41,50229,4,9,1008,13,2,1,4,sms,home,0
68,32170,45,9,2925,15,6,0,2,email,home,0
56,32933,48,7,100,14,3,1,3,mail,clothing,0
37,25000,52,7,4262,21,7,1,2,email,home,1
53,140048,15,8,2661,12,7,0,2,email,electronics,0
38,25000,1,12,369,12,8,1,2,phone,electronics,0
38,32346,167,7,1410,12,6,1,3,sms,clothing,0
48,31855,14,4,144,10,7,0,3,sms,clothing,0
18,83864,56,7,511,10,4,1,3,email,clothing,0
19,41069,61,7,3280,20,7,1,2,email,clothing,0
36,103636,47,7,1082,16,2,0,3,email,clothing,0
29,32725,18,5,1024,17,5,0,1,phone,books,0
49,57953,15,7,1147,13,3,1,4,phone,electronics,0
31,29696,45,6,1021,15,7,1,4,phone,electronics,0
23,177564,100,7,2943,9,5,1,2,sms,clothing,2
66,25000,146,7,590,13,7,1,1,phone,clothing,1
41,59035,5,11,1667,6,9,0,3,mail,electronics,1
46,71701,8,10,349,12,6,1,3,email,electronics,0
23,62835,144,8,2301,6,5,1,2,sms,clothing,0
36,43863,66,11,795,10,7,1,4,sms,electronics,0
46,45347,107,7,1052,12,1,1,4,email,home,1
27,50326,11,11,763,10,3,0,2,phone,electronics,0
50,44882,44,4,866,10,3,1,4,email,electronics,1
35,87406,60,6,401,12,11,0,3,email,clothing,0
40,184667,56,8,1524,8,4,1,1,phone,home,0
35,35084,26,12,1909,13,2,0,4,email,books,0
72,25000,1,6,289,8,5,0,0,email,clothing,1
44,46491,43,6,604,17,7,1,5,phone,electronics,0
29,230458,14,8,1130,10,2,1,1,phone,clothing,0
57,30266,29,10,602,15,5,1,4,email,electronics,2
26,131067,158,9,877,11,2,1,2,email,books,1
48,134137,25,13,5519,10,1,1,1,sms,books,0
18,35166,91,8,396,11,6,1,5,sms,electronics,0
25,68967,10,11,108,13,4,1,3,mail,electronics,0
47,130227,55,10,602,17,7,1,2,email,home,0
56,39047,188,11,789,9,7,1,2,email,books,1
47,43384,5,13,671,13,6,1,7,email,home,0
43,34578,1,6,1434,12,6,1,4,phone,electronics,1
40,26666,28,12,392,10,6,1,2,sms,books,0
22,33204,4,7,338,8,7,1,0,phone,electronics,0
34,25000,68,9,558,14,4,1,2,sms,electronics,2
38,50033,122,5,570,12,9,1,1,sms,books,0
60,30884,28,8,9143,5,4,1,2,mail,home,1
50,56402,14,10,5179,13,6,1,3,email,clothing,1
18,25000,28,9,206,12,7,0,3,email,home,0
49,59786,64,2,159,10,4,1,3,email,books,0
39,80831,1,8,1006,18,6,1,4,email,clothing,0
34,25000,44,7,7417,9,2,0,1,mail,home,2
54,61355,47,4,2134,11,6,1,4,email,clothing,0
60,102395,50,8,1061,11,4,1,4,phone,books,0
58,25000,13,13,695,16,3,1,2,email,clothing,0
32,133725,62,5,3220,12,3,1,4,email,clothing,0
40,63032,4,4,1310,4,5,0,6,email,home,0
49,32112,11,9,6196,13,3,1,6,email,electronics,0
59,47407,104,4,202,18,4,0,2,sms,electronics,2
37,68527,67,6,1675,12,3,0,2,mail,home,0
42,51308,1,8,624,12,6,1,0,phone,home,0
28,67727,14,11,1659,17,9,0,3,phone,clothing,1
27,28214,12,8,1409,18,5,0,1,email,electronics,1
57,54264,15,4,1825,12,6,1,5,sms,books,0
65,25000,14,6,2914,7,4,1,5,email,electronics,0
43,45856,3,9,4401,13,3,1,3,mail,clothing,0
60,28499,30,9,7721,12,9,1,2,phone,electronics,0
50,31529,65,6,1114,13,3,1,3,email,books,1
35,102914,46,10,637,17,9,0,4,phone,electronics,0
50,94351,55,6,321,12,4,1,2,mail,books,1
68,70649,4,4,1694,18,8,1,3,email,books,0
44,25453,151,4,2527,12,3,1,2,email,clothing,1
68,40544,91,8,284,9,3,1,2,email,electronics,0
18,101504,81,9,3444,9,5,1,1,phone,electronics,2
57,53371,86,10,990,13,8,0,1,email,clothing,0
46,197125,134,13,312,17,3,0,5,sms,clothing,1
40,62068,39,11,469,14,4,0,2,mail,books,0
46,55007,11,8,426,11,8,1,5,mail,electronics,0
18,40722,47,11,434,18,3,1,2,email,books,1
41,53110,67,1,1938,10,3,1,1,phone,books,0
50,44735,66,14,2601,11,2,1,5,email,clothing,0
67,74971,36,10,5997,12,7,1,4,phone,clothing,1
37,87031,3,9,545,13,2,1,3,sms,home,1
32,30589,23,10,1545,13,6,1,1,phone,home,0
37,25000,126,6,574,20,5,1,6,sms,home,0
58,25000,43,12,1118,14,6,1,2,sms,clothing,0
49,66489,38,6,249,8,2,1,3,email,home,2
37,25285,15,11,356,8,10,1,0,sms,electronics,0
52,25000,22,7,2448,17,3,1,3,email,clothing,1
46,61892,112,7,248,6,6,1,4,email,clothing,0
59,218775,54,7,2028,11,5,1,4,email,clothing,0
34,48842,77,3,557,5,7,1,4,mail,books,0
40,81072,30,5,159,16,6,1,0,phone,electronics,1
39,51487,49,7,100,12,7,1,4,sms,home,0
23,46196,14,14,4738,7,4,1,5,sms,books,0
49,85088,61,9,163,6,7,0,3,sms,home,0
48,41185,27,4,1028,12,2,1,2,sms,electronics,0
45,57551,29,12,1562,7,6,1,3,email,books,0
41,59457,52,9,294,14,7,0,5,sms,clothing,0
23,32831,137,5,630,15,5,1,0,phone,clothing,1
38,88896,3,5,1770,14,4,1,4,phone,books,0
39,44135,87,7,1470,11,5,1,1,email,electronics,0
32,31149,17,13,691,20,2,1,6,email,electronics,2
42,67636,29,10,1389,10,8,1,3,mail,books,0
51,28593,1,10,990,10,5,1,4,email,clothing,2
73,49856,17,5,415,11,6,1,1,phone,electronics,0
47,48753,34,7,3642,13,5,1,4,email,clothing,0
48,94045,2,5,1349,10,6,0,6,email,clothing,0
43,65174,33,11,173,14,8,0,2,email,books,0
18,48290,130,7,1847,17,7,1,6,phone,electronics,0
44,80070,5,9,592,16,0,1,4,mail,books,0
45,112884,72,7,821,13,4,1,4,email,books,1
80,68506,26,8,1105,11,7,1,3,email,books,0
42,49326,53,6,496,9,7,1,3,phone,home,0
49,25000,15,2,6654,13,2,1,2,email,clothing,0
44,25872,8,6,246,13,3,0,3,mail,clothing,1
27,40817,8,6,1160,9,9,1,3,email,electronics,0
62,34006,3,12,1605,12,7,1,3,phone,clothing,0
56,43818,10,5,1142,14,8,1,2,phone,electronics,1
56,50715,54,5,905,16,4,1,2,sms,home,2
31,67360,106,6,752,8,2,1,5,phone,home,0
66,46990,84,6,491,10,6,1,1,email,clothing,2
23,65637,57,9,482,22,2,1,2,email,electronics,0
53,50954,5,12,3493,8,4,1,6,mail,electronics,2
77,25000,17,10,705,12,9,1,4,sms,home,1
30,27900,18,5,9248,8,4,0,1,email,home,1
36,44960,14,10,2140,14,3,0,3,sms,electronics,1
46,25000,36,12,100,18,4,1,3,phone,books,0
37,70259,38,4,2652,9,2,1,2,phone,electronics,0
21,122816,22,8,1039,15,7,1,1,email,electronics,0
46,101850,21,8,273,10,7,1,4,sms,electronics,0
29,43128,88,7,4041,11,2,1,5,email,books,0
52,119902,77,6,709,12,4,1,2,sms,electronics,2
31,53594,18,6,651,12,4,0,1,email,electronics,0
68,40044,122,8,1595,19,5,1,4,sms,electronics,0
33,33926,152,9,3438,6,6,1,3,email,clothing,0
40,40884,19,11,1228,12,6,1,5,email,books,0
57,38835,21,11,1143,9,8,0,2,email,electronics,0
26,54298,35,6,546,18,4,1,1,email,home,0
48,53978,141,8,3380,14,1,1,2,phone,electronics,1
64,49110,104,10,1240,9,4,1,1,email,clothing,1
20,63714,5,6,875,12,6,1,7,mail,electronics,1
47,100146,24,7,773,15,3,1,2,phone,electronics,1
48,86658,40,6,3062,19,4,1,6,phone,electronics,0
56,25000,34,8,843,14,1,1,3,email,electronics,1
26,25000,10,8,3069,17,7,1,1,phone,home,0
25,85870,97,13,684,16,2,0,4,email,books,0
52,25000,56,5,2258,10,9,1,7,sms,home,0
49,42836,90,9,1348,22,6,1,0,email,electronics,0
48,25000,97,8,423,12,5,1,5,sms,clothing,0
50,25000,68,11,1005,6,10,1,3,email,electronics,0
34,67837,28,7,122,10,7,0,5,mail,books,0
48,77303,47,8,521,14,5,0,3,email,home,0
49,34686,8,4,226,11,4,1,2,email,home,1
34,25000,55,7,8082,16,11,1,3,phone,electronics,0
72,35321,9,8,229,11,4,1,2,mail,clothing,2
52,62011,59,12,10000,15,3,0,5,sms,electronics,0
27,25000,13,8,1834,7,1,1,3,email,electronics,1
54,54721,6,7,652,22,7,0,4,phone,electronics,0
30,48572,9,9,2456,15,5,1,2,mail,electronics,2
56,69395,1,9,575,10,7,0,1,email,clothing,0
62,52667,63,10,267,10,5,1,5,email,clothing,0
32,27341,65,4,1186,15,2,1,4,sms,clothing,0
59,100503,36,5,2208,10,5,1,5,sms,home,0
51,44572,8,10,3937,11,9,0,5,sms,electronics,0
57,48224,4,13,1803,16,11,1,3,mail,electronics,1
73,28002,1,13,645,16,6,1,5,email,books,0
41,37572,9,7,4386,13,6,0,2,phone,books,0
33,28828,110,8,3508,12,3,1,1,sms,electronics,0
31,44189,13,6,1435,14,8,1,3,sms,home,0
32,136902,21,10,3680,13,3,1,6,sms,clothing,2
43,25000,5,8,9747,18,8,0,4,mail,clothing,1
50,25000,12,5,636,7,7,1,1,email,clothing,0
49,118504,36,10,446,6,6,1,6,email,clothing,0
57,43235,46,13,618,6,6,1,3,email,books,2
45,32812,14,3,284,18,3,0,2,sms,clothing,0
66,91486,2,10,1980,6,7,1,0,email,electronics,0
41,34085,24,1,219,13,4,1,4,sms,home,2
80,146620,13,5,3885,20,4,0,1,email,clothing,0
54,73626,12,10,559,16,10,1,4,email,books,0
32,36579,160,13,4267,13,6,1,2,phone,clothing,0
28,178864,47,11,100,10,2,0,6,sms,clothing,2
52,34083,40,6,746,9,4,1,2,email,electronics,0
41,76516,26,9,300,11,3,1,2,sms,home,0
55,58663,28,11,4244,18,9,0,6,phone,books,1
52,107049,38,8,5878,13,6,0,5,email,electronics,1
43,125104,59,6,105,17,3,1,1,email,electronics,0
32,49971,60,4,2606,9,7,1,4,sms,home,0
22,31193,9,10,3192,21,5,0,1,email,home,0
38,64600,34,13,1518,10,7,1,4,mail,clothing,0
57,32642,26,6,1974,9,7,1,3,phone,clothing,0
48,164067,102,6,1837,16,2,1,3,email,home,1
26,53205,49,8,2616,10,7,1,3,email,electronics,0
47,39371,38,8,367,13,3,1,1,email,books,0
50,54765,6,10,3642,17,7,0,3,phone,clothing,0
31,25000,46,7,1352,11,5,1,2,phone,books,0
47,27365,6,8,1273,10,8,1,3,sms,electronics,1
45,100734,20,8,1932,9,3,0,3,email,books,1
27,33052,7,13,307,12,7,0,1,email,books,0
50,26156,58,8,231,15,4,0,3,email,home,0
53,67642,11,6,971,13,3,1,4,email,books,1
61,99849,24,9,5133,10,3,0,3,phone,home,0
60,75461,113,6,335,9,2,1,4,mail,home,0
24,89110,11,7,1306,20,9,1,4,sms,clothing,0
30,31129,35,6,535,14,10,0,2,sms,electronics,0
52,25000,27,12,468,14,7,1,2,email,books,0
52,120668,1,4,1809,20,7,0,0,email,home,0
52,40392,78,7,2343,13,4,0,2,email,electronics,0
80,42171,3,6,498,14,4,1,4,email,books,0
53,108761,32,10,4390,9,5,1,3,phone,electronics,1
62,68441,41,3,1673,8,3,1,2,email,electronics,0
59,64442,49,7,861,13,7,1,6,sms,books,2
54,179692,58,6,1552,10,4,1,1,mail,books,0
40,33319,14,7,8403,13,4,0,2,email,books,0
56,85536,1,5,2329,10,4,0,6,sms,home,0
33,50726,64,10,545,13,8,1,1,sms,electronics,0
41,57592,38,8,1076,9,5,0,2,email,electronics,1
37,122648,90,6,1250,9,3,1,5,mail,home,0
46,66482,86,7,2133,8,11,0,3,email,clothing,0
79,67709,92,6,1393,14,7,1,7,sms,electronics,0
18,93293,33,14,7297,10,5,1,2,email,books,0
55,39380,20,9,874,13,6,0,2,email,home,0
20,29627,78,7,194,10,2,1,1,phone,books,0
37,26189,30,8,1359,9,1,1,0,sms,home,0
61,25000,10,8,705,8,3,0,2,email,electronics,1
45,168337,96,12,243,14,5,1,2,email,electronics,1
28,25287,107,10,542,11,7,0,4,phone,home,0
34,42926,31,11,766,11,3,0,1,email,books,0
55,41519,3,9,3428,12,4,0,6,sms,electronics,1
34,58949,24,5,248,15,2,1,3,sms,clothing,1
48,79972,81,6,1555,14,5,0,6,sms,books,0
45,82148,116,8,10000,11,2,0,5,sms,electronics,0
35,34549,11,6,920,12,5,1,1,mail,books,0
77,44343,3,10,894,12,7,1,3,sms,electronics,0
54,58078,104,10,2252,8,3,1,5,mail,clothing,0
18,42225,24,7,1848,6,6,0,1,email,books,0
47,128592,39,8,4525,11,3,1,4,phone,electronics,1
35,65813,172,12,927,16,10,1,3,mail,electronics,0
57,76185,3,8,2213,10,5,1,1,sms,home,0
33,72964,52,8,2248,12,3,0,2,sms,books,0
43,99119,3,12,784,7,7,1,3,email,clothing,1
52,54644,23,5,978,15,3,1,2,sms,electronics,0
57,25000,81,6,1084,6,5,1,3,sms,clothing,0
26,62305,28,9,318,13,4,0,3,email,books,0
39,33162,293,8,743,14,7,0,3,email,electronics,0
37,35697,40,13,4895,11,4,1,3,email,clothing,0
35,69690,19,5,3095,20,4,1,2,mail,clothing,0
71,103050,12,8,614,12,3,0,1,sms,clothing,0
51,49650,21,4,1079,9,6,1,1,mail,electronics,0
26,59000,23,3,2896,13,10,0,4,phone,electronics,0
58,136125,3,13,1708,21,3,1,2,mail,home,0
76,56638,23,6,2440,13,5,1,1,phone,home,0
60,233516,31,7,1870,10,4,1,2,email,clothing,0
22,68823,64,10,1360,15,5,0,4,email,home,1
37,25000,53,7,928,11,2,1,1,mail,books,1
64,77034,61,8,331,11,3,1,4,email,electronics,2
34,61617,1,8,2191,8,4,1,3,email,electronics,0
51,106282,12,7,878,12,6,1,3,email,clothing,0
56,73416,54,8,211,11,7,0,2,email,books,0
31,45113,33,8,635,16,4,1,1,sms,books,0
44,25000,1,9,2571,10,7,0,3,phone,home,0
18,43242,81,6,161,11,4,1,0,sms,home,0
29,29427,74,8,391,15,5,1,2,mail,home,0
41,34602,39,11,1257,9,6,0,4,phone,home,0
26,69783,3,12,4472,10,9,1,1,sms,home,2
69,133511,72,7,2980,15,3,1,0,email,clothing,0
23,62118,43,9,4922,12,9,1,0,mail,electronics,0
38,25000,76,6,1349,9,6,1,4,email,books,0
46,64007,69,9,889,12,2,0,1,sms,books,1
66,100506,81,5,2548,16,9,1,3,sms,clothing,1
23,34000,36,13,446,17,4,1,4,email,home,0
62,45233,7,12,412,13,5,1,1,email,home,0
45,49454,55,8,345,16,5,1,3,email,books,1
30,30609,48,8,3258,15,4,0,2,email,clothing,0
51,72328,67,5,476,12,3,0,3,phone,home,2
47,45589,9,9,2982,5,5,1,2,mail,electronics,0
35,63052,10,3,1272,15,4,1,2,phone,electronics,0
46,28781,110,8,3300,10,3,1,2,phone,home,1
39,37704,69,10,363,13,5,1,2,email,books,0
46,75616,119,8,586,12,6,1,4,email,clothing,0
54,39194,71,13,1726,14,9,1,3,phone,home,0
68,138161,45,3,712,11,3,1,2,mail,clothing,1
26,38569,53,9,100,15,5,1,3,sms,books,0
76,56095,109,4,278,9,7,1,4,email,books,0
18,85781,43,12,360,9,5,1,4,phone,electronics,0
42,25000,50,8,387,13,2,0,3,phone,electronics,1
53,25000,8,6,2168,17,5,0,5,sms,home,0
49,25000,32,8,1536,9,7,0,0,sms,electronics,0
35,104563,63,8,1289,14,8,0,1,sms,electronics,0
41,35202,15,7,8173,9,2,0,2,email,clothing,1
37,227503,11,9,3551,14,3,1,4,mail,electronics,1
36,34942,18,9,2445,14,6,1,3,email,home,0
57,54760,13,6,245,7,3,1,4,phone,electronics,1
50,123656,12,5,1163,14,6,1,2,mail,books,0
34,163350,27,7,1478,8,10,1,0,phone,clothing,0
58,168872,119,8,723,11,2,0,1,email,home,1
49,101216,35,8,6041,9,6,1,4,email,books,0
57,90620,10,7,1154,13,5,1,2,phone,clothing,0
54,69948,4,8,321,9,3,1,3,email,home,2
32,78199,59,5,404,10,4,0,6,phone,electronics,0
36,35217,24,12,10000,14,5,1,3,email,books,0
56,30003,86,7,720,16,5,1,2,sms,home,1
54,48921,53,10,137,9,9,0,2,email,books,0
44,44262,79,5,602,15,6,1,2,sms,books,0
46,37349,15,8,176,12,4,0,5,phone,electronics,0
64,74446,58,6,2744,15,3,1,3,phone,electronics,0
36,86958,15,6,155,12,4,1,1,email,electronics,1
53,51691,139,11,269,9,2,1,5,sms,home,0
41,118957,50,10,1101,15,5,0,3,sms,home,0
41,25000,19,9,3325,13,4,0,3,email,clothing,1
61,43643,15,9,1023,15,2,1,2,sms,electronics,0
57,31885,10,9,311,14,5,0,2,sms,electronics,0
57,25000,59,5,1316,12,11,1,4,email,clothing,1
64,46648,12,11,686,12,4,1,3,sms,clothing,1
45,45567,45,7,3403,10,6,1,6,phone,books,0
55,121548,15,6,2578,9,2,0,0,email,home,0
40,71573,54,5,640,18,4,1,3,email,books,0
49,26515,84,10,2391,11,9,1,4,mail,books,0
43,149112,75,8,1438,8,2,1,2,phone,home,0
46,101988,71,10,4301,12,5,1,2,mail,books,1
53,69512,10,9,2292,13,4,1,2,sms,clothing,0
32,42792,4,10,1895,19,5,0,2,email,clothing,2
76,27565,60,9,4137,8,3,0,1,email,electronics,1
29,39209,22,9,1113,7,4,1,5,sms,books,0
26,94206,28,11,506,12,5,0,2,phone,home,0
62,151865,1,10,1340,8,7,1,2,email,books,1
56,123741,15,7,768,7,6,1,1,sms,home,1
54,36559,1,9,2006,11,5,1,6,sms,electronics,2
54,25039,105,9,1166,11,7,0,2,sms,home,0
44,53344,13,2,1640,9,5,1,2,email,home,0
31,25000,40,11,328,5,9,1,3,email,books,2
46,59510,1,9,1823,13,5,0,5,mail,home,0
34,44866,54,5,303,11,5,0,1,sms,books,1
59,37063,19,2,2869,10,8,1,6,email,electronics,0
42,25000,114,6,2873,11,4,1,5,sms,electronics,1
32,66713,109,6,1553,17,2,0,6,email,books,0
40,35609,19,6,1495,8,5,0,5,email,home,0
51,25000,115,8,876,17,3,0,3,email,electronics,0
36,25000,278,7,599,8,2,1,3,email,books,2
32,48218,87,7,1080,10,5,1,2,sms,home,0
48,141967,93,6,7963,12,8,1,3,phone,electronics,0
48,132820,14,8,1379,18,3,1,6,email,electronics,0
37,37262,42,9,285,5,4,1,5,sms,clothing,1
37,34155,3,8,198,12,11,1,2,sms,electronics,0
48,64942,4,7,260,13,4,0,1,email,electronics,0
23,26929,340,12,751,19,7,1,7,sms,electronics,0
23,58751,19,8,3888,6,1,0,4,sms,electronics,0
34,77625,68,6,394,14,3,1,2,sms,books,0
41,102350,82,9,4544,14,2,0,3,sms,books,0
49,46161,97,7,1312,16,6,0,5,email,books,1
67,43381,302,8,1778,11,3,0,2,email,clothing,0
57,28946,13,9,1730,12,5,1,2,sms,home,0
42,29847,2,7,1979,19,8,1,3,sms,home,1
44,42792,26,7,726,12,8,1,5,email,home,2
29,61109,6,6,106,13,2,1,3,email,clothing,1
44,84808,1,7,608,16,6,1,3,sms,home,0
40,30275,22,10,451,13,7,1,2,email,home,0
49,120043,76,10,1496,12,3,0,4,email,clothing,0
32,41661,41,7,1365,11,4,1,7,email,electronics,0
52,48396,18,10,835,17,8,0,1,phone,books,0
67,31309,53,6,6345,10,6,1,3,email,electronics,1
43,25000,13,8,577,15,5,1,3,phone,electronics,0
51,83318,1,7,118,14,2,1,3,email,clothing,0
55,76275,72,7,1235,12,6,0,2,mail,books,0
38,41406,48,8,3601,12,5,1,1,mail,home,0
48,51031,71,9,1461,7,8,1,4,mail,books,0
45,66807,1,9,767,9,3,1,4,sms,books,0
46,25000,90,10,1394,8,5,1,6,sms,clothing,0
33,35687,48,7,6897,13,4,1,3,email,books,0
45,78949,41,4,457,13,7,1,3,email,clothing,1
52,25000,48,6,1131,17,9,0,3,email,home,0
66,58462,99,7,2142,7,6,1,3,email,clothing,1
59,25000,44,6,1413,15,13,1,6,phone,clothing,0
77,64851,43,10,855,5,3,1,5,mail,clothing,1
33,47983,233,7,715,14,7,1,5,phone,home,0
58,25000,70,15,824,11,5,1,3,phone,home,1
47,98601,29,5,1866,14,6,1,4,sms,clothing,0
77,31547,61,5,1761,9,11,0,2,email,clothing,0
32,30147,24,6,8908,13,7,1,1,mail,books,0
32,55289,12,8,235,13,4,1,1,phone,home,0
36,97653,45,13,6360,15,8,1,3,email,clothing,0
18,26649,131,8,893,8,6,0,0,mail,electronics,2
37,50868,132,6,1001,14,4,0,4,sms,clothing,0
33,63404,20,13,2588,15,4,1,2,phone,books,0
47,74299,37,5,2571,14,7,1,6,phone,clothing,0
50,54495,11,7,3486,12,8,0,4,sms,electronics,0
73,39331,271,6,4336,11,3,1,2,email,electronics,1
59,29835,198,6,1053,12,8,1,5,sms,books,0
36,51621,52,7,4392,11,6,1,1,mail,home,1
31,25763,81,8,584,10,8,0,7,phone,home,0
52,25000,62,6,808,11,3,1,2,sms,books,2
25,63699,44,9,914,11,3,1,1,sms,home,0
72,84318,2,7,647,7,7,1,5,email,electronics,2
62,25000,30,6,1164,12,6,1,3,mail,books,0
37,26746,56,6,2687,13,6,0,1,sms,electronics,1
19,71075,56,6,2103,12,4,1,6,phone,books,0
65,168467,23,5,593,13,3,1,5,sms,home,0
43,49636,142,7,547,11,7,1,4,phone,home,0
63,31672,9,4,466,8,7,1,4,email,clothing,0
21,43926,34,12,1198,16,7,0,3,sms,home,0
36,111851,58,6,225,12,5,1,4,phone,home,0
45,33270,59,10,450,16,4,1,2,sms,electronics,0
45,30347,52,4,693,14,4,1,3,email,home,1
38,36693,16,8,3150,9,7,0,0,phone,electronics,2
54,27667,8,2,960,16,5,0,3,sms,home,0
28,52764,50,6,2998,14,4,1,3,mail,electronics,0
42,129937,45,9,1322,18,3,0,2,sms,electronics,0
46,59506,9,6,682,18,3,1,3,sms,books,1
52,42133,61,10,711,7,3,0,3,email,electronics,2
55,41147,30,6,341,12,6,1,1,sms,electronics,2
28,25000,55,8,10000,13,5,1,1,email,books,2
21,83271,90,3,3329,14,5,1,1,email,home,1
64,46784,9,5,2005,7,4,1,2,email,electronics,2
49,43989,1,11,297,13,8,1,2,sms,home,0
33,250000,75,9,698,6,7,1,1,email,home,2
68,58644,47,7,413,10,4,1,3,email,books,1
46,31223,60,8,1245,15,3,1,3,email,books,0
62,37956,91,4,433,7,4,1,0,phone,electronics,0
46,97642,81,12,560,22,7,1,2,sms,clothing,0
75,52468,162,11,445,16,9,1,2,phone,electronics,1
71,25000,38,6,862,15,8,1,6,phone,electronics,0
41,85096,33,9,1177,10,3,0,4,email,clothing,0
59,32830,25,14,886,10,5,0,2,email,clothing,1
54,150840,8,8,5079,13,6,0,5,email,books,0
65,93716,42,8,2467,15,7,0,2,phone,books,1
30,37481,16,6,501,7,6,1,5,phone,home,1
55,105726,127,8,1518,15,5,1,3,email,electronics,2
60,51057,43,6,544,7,8,1,2,sms,electronics,0
18,81769,44,11,738,12,7,0,2,mail,clothing,2
27,65567,21,5,1770,10,4,1,4,email,electronics,0
18,29501,2,12,2133,10,6,1,3,email,home,0
40,33318,1,9,609,10,9,1,4,sms,clothing,0
55,90941,27,11,363,18,6,1,7,email,clothing,0
67,40100,4,6,1197,8,5,1,4,email,clothing,2
46,38476,46,9,1693,13,4,1,5,email,clothing,0
69,27637,106,9,579,13,3,0,1,mail,clothing,2
24,63206,107,9,2481,12,0,1,2,sms,electronics,0
19,168976,53,9,2078,11,6,1,4,email,electronics,0
44,25834,11,7,570,11,3,1,0,email,clothing,0
50,49738,99,5,3395,10,4,0,3,email,electronics,0
44,114385,108,2,3500,16,4,0,1,email,home,2
18,46733,10,9,8670,9,8,1,2,phone,electronics,1
43,64306,66,6,6073,11,3,1,2,sms,electronics,0
25,25914,16,7,444,10,4,1,3,email,electronics,1
55,63385,81,4,2765,11,2,1,3,email,clothing,0
50,43814,294,9,2642,10,5,1,3,email,electronics,0
30,88560,1,8,773,13,7,0,3,email,electronics,0
37,99950,113,10,1728,8,9,1,2,mail,clothing,0
29,231825,48,9,167,16,8,0,3,email,clothing,2
44,69409,181,9,163,13,10,1,1,email,home,0
59,59603,31,2,197,10,6,1,3,email,home,0
30,55084,93,6,1618,15,14,0,3,phone,electronics,0
52,39660,3,7,1696,16,3,1,5,mail,electronics,0
37,60059,20,7,833,15,6,1,6,email,books,0
33,41058,3,9,6131,13,8,0,1,phone,home,0
43,54234,185,6,2942,10,4,0,2,email,home,1
29,108072,84,6,221,13,6,1,5,sms,electronics,0
36,26797,95,10,923,12,8,1,3,sms,clothing,0
27,97141,139,10,428,13,9,1,3,sms,books,0
74,108041,4,12,1659,19,6,1,3,phone,home,0
45,45668,24,8,1063,11,9,1,0,mail,electronics,1
34,25000,3,5,453,14,1,1,0,phone,books,0
48,34040,11,8,5969,8,6,1,1,phone,electronics,0
43,106744,13,8,1161,9,6,1,3,sms,electronics,0
41,48352,31,8,723,7,7,1,4,phone,clothing,2
54,26914,15,14,851,13,4,1,3,email,electronics,1
56,36211,5,2,5534,9,13,0,2,email,books,0
37,81175,9,7,2727,9,3,0,3,email,books,0
36,68052,7,7,932,11,5,0,1,phone,home,0
40,42473,180,5,406,14,4,1,1,sms,clothing,1
18,39336,71,7,475,8,4,1,1,email,electronics,0
22,38752,171,8,677,14,8,1,3,sms,electronics,0
65,28185,28,8,1821,8,3,1,3,sms,clothing,0
69,129214,16,12,2336,12,2,1,3,email,books,0
41,40400,80,4,530,9,4,1,5,email,clothing,0
53,101752,19,6,2442,11,5,0,5,sms,clothing,0
49,122123,17,8,442,9,5,1,5,sms,clothing,0
80,89231,13,9,594,10,6,1,3,email,electronics,0
61,37836,6,6,257,12,7,0,1,phone,books,0
43,62457,14,11,249,14,6,1,2,sms,clothing,0
30,48314,21,6,437,8,4,1,2,phone,home,0
20,28503,56,9,1068,8,10,0,0,sms,books,2
48,59552,3,12,405,5,7,1,2,phone,electronics,0
33,25000,11,7,4905,10,5,1,2,sms,clothing,0
23,99968,82,14,431,11,2,1,1,email,books,1
35,37094,7,6,1318,10,5,1,2,sms,electronics,0
28,55309,20,9,4106,13,4,1,2,mail,home,0
70,58103,99,8,1202,9,3,1,4,email,electronics,0
58,41967,8,10,762,11,2,0,1,sms,clothing,0
44,69704,4,9,1270,15,2,1,7,email,home,0
67,36866,33,5,625,14,6,0,5,email,books,0
46,82683,18,7,403,12,12,1,2,mail,clothing,1
32,25000,41,10,2023,12,7,0,1,email,electronics,1
67,52882,81,6,612,15,1,1,2,email,electronics,0
53,156898,7,7,2798,13,8,1,4,phone,books,1
29,26897,43,8,2431,14,4,1,1,phone,clothing,0
42,32641,35,6,1295,17,3,0,3,sms,clothing,0
31,66725,7,5,2895,11,10,1,8,email,home,0
24,54597,48,7,636,11,2,0,2,email,clothing,0
58,60498,15,4,2401,18,7,1,3,email,clothing,0
73,65743,33,12,2388,11,3,1,2,phone,books,0
24,71742,4,12,811,12,5,1,2,phone,clothing,0
53,95398,30,9,713,18,5,1,4,sms,clothing,1
35,62685,18,7,1523,9,9,1,9,phone,clothing,0
37,42414,86,5,7849,16,2,0,3,email,home,0
36,73390,2,5,869,17,7,1,5,sms,clothing,0
32,153265,27,7,698,19,5,1,3,email,clothing,0
45,45270,30,6,3563,14,6,1,1,email,books,1
32,27317,64,7,1173,15,4,1,2,sms,electronics,2
49,95248,42,9,2607,16,5,0,2,email,home,1
44,45604,55,8,4791,12,6,1,5,phone,clothing,1
41,25000,75,6,162,15,10,1,5,email,books,0
31,81507,99,9,1056,17,7,1,2,phone,home,0
36,35553,18,8,871,11,2,1,2,email,home,0
56,46429,38,5,418,13,7,1,6,mail,clothing,2
52,59825,91,9,160,10,5,1,2,email,home,1
30,54956,227,6,223,13,9,1,6,sms,electronics,0
46,75032,110,8,1217,9,4,1,3,sms,books,0
56,37748,23,6,642,12,7,0,2,sms,electronics,0
19,66693,10,7,491,11,3,1,3,phone,electronics,0
53,41951,33,8,1205,15,7,1,2,phone,electronics,1
35,76365,67,5,548,19,6,1,5,phone,clothing,0
53,70913,33,8,3984,21,3,1,1,sms,electronics,1
33,27965,33,5,589,10,5,1,4,email,books,2
18,94050,91,9,4940,11,4,1,4,sms,clothing,1
20,35540,22,11,1064,8,7,0,5,phone,books,2
45,79605,98,8,571,13,6,1,4,sms,electronics,0
48,61106,26,6,531,15,3,0,3,email,electronics,2
31,147695,19,11,4983,8,3,1,3,sms,clothing,0
54,42869,30,7,2199,8,2,0,2,email,clothing,1
20,39751,71,10,513,15,6,1,1,sms,electronics,0
44,48452,6,8,1235,8,5,1,2,phone,home,0
26,40867,10,9,103,8,6,1,5,sms,electronics,0
35,79218,151,7,289,12,5,1,4,sms,books,0
45,25000,9,7,517,16,6,0,2,email,electronics,2
32,26050,41,12,505,17,3,0,3,phone,home,1
39,25830,43,3,3688,12,5,1,2,email,clothing,0
60,86697,33,6,161,13,8,1,6,phone,home,0
36,136812,51,9,263,14,6,1,4,sms,clothing,1
57,46042,13,8,1723,11,4,0,6,email,electronics,0
28,44298,40,8,1380,9,4,1,3,phone,clothing,1
52,51125,23,7,772,18,2,1,0,sms,clothing,0
66,98432,54,9,8539,8,6,1,2,email,electronics,0
18,28101,7,11,2033,15,10,1,5,mail,electronics,2
33,56557,42,8,3725,17,5,1,4,phone,home,0
53,88002,10,7,1042,17,3,0,2,email,electronics,0
41,66214,16,8,636,5,7,0,1,email,clothing,2
50,54926,12,15,644,9,6,1,4,phone,clothing,2
35,89377,10,14,2772,20,5,1,6,email,books,2
46,25000,87,10,2374,17,6,0,8,email,electronics,0
42,73623,16,6,881,14,1,1,2,email,books,0
62,33108,130,13,1757,13,5,1,1,phone,electronics,0
48,25000,175,4,2871,9,4,1,3,phone,electronics,0
50,66617,42,4,623,20,9,0,2,email,clothing,1
38,111769,7,7,777,14,9,1,4,sms,home,0
37,45140,23,10,1714,14,6,1,2,mail,electronics,0
38,86831,79,13,183,17,9,0,6,mail,electronics,2
50,128974,22,6,1746,7,7,1,2,sms,books,2
38,107898,4,10,356,19,2,1,0,sms,clothing,0
49,131134,40,5,2812,14,3,1,4,email,books,0
76,76517,93,11,9393,11,4,1,3,email,home,1
58,51290,79,6,546,11,5,1,3,phone,home,0
40,25000,9,8,284,15,8,1,1,sms,clothing,1
63,42292,55,4,916,14,4,1,5,sms,clothing,1
38,29556,12,8,841,17,4,1,4,email,home,0
18,180333,12,9,2123,17,4,0,2,phone,electronics,0
29,44111,103,11,1385,16,3,1,4,sms,clothing,0
18,52781,14,8,815,11,2,1,4,phone,clothing,1
39,68247,15,8,1200,14,5,1,2,phone,electronics,0
45,50320,1,9,357,12,9,1,4,email,home,1
70,135541,102,13,2512,11,6,0,3,mail,books,2
49,33739,78,10,5530,9,3,1,3,phone,clothing,0
41,55092,49,9,331,13,4,1,1,phone,home,2
57,31398,69,8,226,10,3,1,4,email,clothing,0
18,25000,8,7,733,12,4,0,3,phone,home,1
48,33959,30,12,323,20,3,0,2,email,electronics,0
56,47943,21,2,306,13,5,0,3,email,electronics,0
22,37889,4,6,269,13,6,1,3,email,electronics,0
62,32355,33,6,903,10,8,1,2,email,clothing,0
50,25000,126,6,726,8,2,0,4,phone,electronics,0
38,46636,2,13,1592,6,6,1,0,email,electronics,1
54,25000,17,6,624,12,4,1,1,sms,home,0
79,77345,11,6,324,6,5,0,4,email,home,2
47,51506,13,9,1078,13,5,1,2,email,books,0
48,25000,119,8,380,8,7,1,5,sms,home,0
38,40719,31,14,1830,14,7,1,3,email,home,0
32,31216,31,6,207,11,6,1,6,email,books,2
57,59367,71,4,125,12,5,1,3,email,clothing,0
32,109564,8,9,219,17,2,1,3,sms,home,0
46,25000,33,7,721,17,0,0,3,sms,books,2
37,52523,28,8,822,10,4,0,2,email,electronics,0
52,44530,45,8,1257,10,4,1,3,sms,clothing,1
50,73335,365,10,623,11,2,0,1,phone,clothing,0
60,55710,73,6,470,10,5,0,5,mail,home,0
37,31220,25,4,4597,14,8,1,2,email,books,0
40,40480,87,10,3529,17,5,1,0,sms,home,2
30,30405,9,10,2940,8,7,0,9,email,home,2
38,93489,1,5,1493,11,7,0,3,email,clothing,0
50,49651,11,7,1617,15,6,1,5,email,books,0
56,153386,20,8,490,14,6,1,1,sms,electronics,0
31,47268,35,4,1266,15,5,1,4,sms,clothing,0
58,32046,47,7,428,13,5,1,4,phone,home,0
65,25000,120,12,382,10,4,0,3,sms,books,0
51,25000,35,8,217,18,10,0,4,sms,home,0
73,25000,34,6,1645,18,2,0,2,sms,electronics,0
33,57542,2,5,1291,11,8,0,3,email,books,1
26,66518,1,8,810,10,2,1,5,phone,electronics,1
18,25000,40,9,710,7,4,1,2,email,clothing,0
67,83869,28,4,175,9,7,1,3,phone,clothing,1
54,36686,91,9,1417,7,3,1,2,sms,books,0
44,53534,8,6,799,15,6,0,4,sms,electronics,0
49,128969,1,11,2686,18,10,0,1,sms,clothing,1
28,83960,29,9,1269,14,5,1,1,email,books,1
80,41726,13,8,2221,9,4,1,3,sms,books,0
46,28718,2,8,1088,13,4,1,2,email,clothing,0
46,25000,64,7,1315,15,7,1,3,mail,clothing,2
55,31840,5,7,2782,11,4,1,5,email,home,0
52,43188,46,7,904,16,1,0,2,sms,home,0
48,27110,16,7,1757,10,4,0,1,sms,clothing,1
33,45308,9,12,703,14,2,0,4,mail,clothing,0
52,51334,23,11,961,15,12,1,3,phone,books,0
73,42833,80,7,5396,8,4,0,6,email,electronics,2
65,33189,24,4,2080,13,7,1,3,phone,clothing,0
68,54241,69,14,638,10,8,1,4,email,electronics,0
37,63905,6,10,1673,4,6,1,1,sms,electronics,0
30,25482,74,11,304,14,8,0,6,mail,books,0
43,114297,13,5,879,16,4,1,4,email,clothing,0
45,46205,56,13,422,12,1,1,4,phone,electronics,0
61,49578,41,8,1723,9,3,0,4,sms,home,0
19,74976,132,5,907,13,4,0,4,email,home,0
67,56383,24,7,1456,10,4,1,1,phone,home,0
42,86845,3,8,2378,14,5,0,2,sms,clothing,0
38,58236,1,10,692,8,6,1,5,mail,electronics,0
29,33946,87,5,717,10,7,1,2,phone,electronics,0
20,60894,37,5,1056,10,7,0,5,email,electronics,0
57,25000,74,4,463,7,2,1,2,email,electronics,0
46,52320,13,5,1084,14,6,1,0,phone,home,1
25,48053,21,12,1143,13,6,0,3,email,home,1
25,43266,1,2,1378,9,4,0,4,email,home,0
39,45382,162,7,1668,12,6,1,1,sms,books,0
70,25000,55,9,220,7,8,0,1,sms,books,0
41,35269,135,9,303,10,6,0,4,sms,home,0
22,51829,15,7,341,10,2,0,3,email,home,0
41,53955,47,10,1203,10,3,0,3,email,books,0
40,26460,56,8,825,19,9,1,3,sms,electronics,0
18,104759,19,10,113,15,6,1,2,sms,electronics,2
44,29152,94,10,7685,12,8,1,2,sms,books,1
41,87699,147,3,150,13,3,1,3,mail,clothing,1
55,63342,108,4,1130,11,5,1,2,sms,home,0
72,33265,67,7,1926,15,9,0,4,phone,books,0
61,142227,16,7,533,14,5,0,2,email,books,0
40,25000,16,8,2079,10,2,1,3,phone,electronics,2
28,85092,165,4,400,9,7,1,1,sms,clothing,0
80,89352,1,9,1301,12,2,1,4,email,clothing,0
45,32781,62,13,123,12,2,0,2,sms,books,0
45,113037,61,8,3544,11,6,0,4,email,clothing,1
44,42191,48,9,1097,12,5,1,3,sms,home,0
47,58291,230,10,222,14,7,1,4,email,books,0
42,57307,18,5,2056,20,6,1,5,phone,books,2
36,45225,20,6,5609,15,5,0,5,sms,home,0
36,79736,4,5,434,8,7,1,3,email,home,0
44,78912,29,10,888,17,5,0,2,phone,electronics,0
36,25000,15,7,655,14,5,0,2,email,home,1
34,107216,21,9,507,14,9,1,1,sms,electronics,0
46,25000,89,11,456,10,7,1,3,sms,clothing,0
41,91083,137,7,574,16,3,1,3,mail,electronics,1
67,96377,10,8,606,15,7,1,1,sms,books,0
18,25474,23,9,767,8,6,1,0,sms,clothing,2
61,38311,131,9,714,14,7,1,2,email,books,0
63,25249,3,5,2347,9,3,0,1,email,books,0
18,43090,4,10,2147,10,4,1,5,phone,books,0
39,40748,8,8,236,8,7,1,4,phone,electronics,1
39,78260,45,11,605,14,8,0,3,sms,home,0
23,107601,8,8,3829,12,5,1,6,email,books,0
33,113256,172,5,1471,11,5,1,5,email,clothing,0
28,34985,29,9,1532,9,5,1,3,phone,home,2
71,43237,34,9,1392,12,4,1,6,email,electronics,0
59,25000,14,9,844,12,5,0,4,sms,clothing,0
64,30226,31,5,1052,15,5,1,1,phone,books,2
55,87457,54,10,732,16,3,1,5,sms,electronics,1
28,129230,69,10,2580,9,3,0,8,email,clothing,0
37,25000,70,9,738,18,3,1,2,mail,home,2
52,34355,43,8,979,13,3,1,2,email,electronics,0
26,48250,117,8,2287,12,6,0,4,email,clothing,0
55,57994,85,10,790,7,6,1,4,sms,books,1
41,30158,70,10,1021,13,6,1,1,email,books,0
39,63223,2,3,766,7,5,0,0,email,books,2
55,36890,1,14,1002,10,3,1,3,email,home,1
51,48597,11,11,792,16,6,1,2,phone,clothing,0
39,68034,54,8,641,14,6,0,6,sms,books,1
62,49210,26,8,540,19,5,1,2,phone,books,0
28,37728,25,8,922,13,4,0,2,sms,clothing,0
54,45900,107,9,3035,14,5,0,3,email,home,2
53,46489,112,12,2046,12,6,0,4,email,home,1
40,39261,119,13,226,15,4,1,4,email,electronics,0
49,41970,18,11,713,14,4,1,1,sms,books,0
26,127923,58,7,579,20,4,1,2,email,books,0
58,68634,15,7,229,11,6,0,8,mail,clothing,0
42,41056,10,5,1444,13,4,1,3,email,home,0
37,74471,10,6,996,10,3,0,3,sms,books,0
60,40123,20,3,8291,13,4,0,3,mail,books,0
34,99099,28,9,785,16,6,0,2,email,electronics,1
23,61192,88,13,504,13,4,0,2,sms,clothing,0
21,45964,6,7,458,18,3,1,2,email,clothing,0
54,64127,66,7,698,21,6,0,1,email,books,2
25,25000,37,11,1978,6,6,0,5,email,books,0
71,25000,16,6,2219,14,3,1,6,sms,electronics,1
18,25000,33,9,10000,11,3,0,3,email,clothing,0
70,53410,17,13,328,11,2,1,6,email,clothing,0
48,138622,45,11,1195,15,3,1,2,mail,books,0
43,186984,28,11,553,13,5,1,3,email,books,0
36,71885,8,8,1556,15,7,1,2,phone,clothing,0
50,66204,6,12,4372,9,3,1,3,mail,electronics,0
44,25000,39,12,2596,8,3,0,5,email,electronics,0
61,35397,116,15,327,11,6,1,3,email,electronics,0
46,30556,21,4,2174,11,7,1,3,sms,home,0
47,33775,66,6,132,13,3,1,3,email,electronics,2
39,44316,53,5,101,8,6,1,5,email,clothing,1
44,36928,134,8,854,14,8,0,4,phone,books,1
49,25000,86,10,2019,12,3,0,3,sms,home,0
19,76783,41,7,1553,15,3,0,1,email,home,0
24,25754,53,7,7374,7,5,1,4,email,home,0
56,56587,114,3,1223,16,5,1,1,email,books,1
47,170152,25,10,985,7,7,1,7,email,books,0
42,28236,19,9,3481,9,9,0,5,sms,home,0
45,25000,1,8,754,16,4,0,4,email,home,0
50,41290,87,9,1617,11,6,1,7,sms,home,0
36,94899,80,7,1718,13,6,1,4,phone,clothing,0
33,158737,5,7,414,9,5,0,7,email,clothing,2
47,25000,43,10,1615,13,6,0,4,email,clothing,1
30,66040,31,6,9750,15,10,1,3,email,books,0
51,37079,6,6,3417,12,4,0,1,email,home,0
19,46001,197,8,473,10,3,1,3,sms,home,0
60,239571,12,11,10000,11,8,1,1,sms,clothing,0
52,25000,3,8,2184,8,6,1,4,email,clothing,1
48,57081,45,11,1676,14,7,1,3,sms,home,0
59,64900,67,8,995,7,5,1,3,mail,electronics,1
69,94039,1,10,2170,7,6,0,3,email,electronics,0
60,51989,53,6,1226,11,2,1,2,phone,books,0
18,58972,37,8,1118,11,4,1,4,sms,electronics,1
25,38754,5,7,959,15,4,1,6,email,clothing,1
35,57611,9,7,2903,12,5,1,1,sms,electronics,1
45,39898,41,3,2599,11,6,0,6,mail,electronics,2
52,71178,17,11,944,12,6,0,7,email,books,1
34,39270,139,7,240,17,3,1,2,sms,clothing,1
47,61467,85,6,1136,11,6,1,3,email,clothing,1
33,48167,205,11,534,11,3,1,1,email,electronics,0
35,96339,15,2,682,10,7,1,2,phone,home,0
23,47532,174,7,967,10,3,1,2,email,clothing,0
31,25000,28,9,379,20,6,1,3,phone,clothing,0
24,104522,21,8,219,17,9,0,3,email,electronics,1
30,28468,2,12,1468,8,3,1,4,sms,clothing,0
60,33114,2,6,1126,14,5,1,0,phone,clothing,0
30,34289,58,13,1084,9,7,0,2,phone,clothing,1
80,111821,30,11,1827,10,2,1,3,email,home,0
52,25000,12,12,567,12,4,1,4,email,home,0
47,250000,47,4,1529,17,4,1,1,email,books,0
32,92377,14,14,4177,14,12,1,1,sms,electronics,1
55,56046,43,4,850,21,3,1,3,email,books,0
36,47432,22,12,7327,13,4,1,3,sms,electronics,2
46,58182,86,5,1152,14,7,0,3,email,books,0
80,67015,85,6,467,11,6,1,4,sms,clothing,1
43,72195,32,12,2564,16,9,1,2,phone,home,0
62,68416,21,9,979,12,6,1,4,phone,home,0
34,51727,22,10,3141,13,3,1,5,sms,clothing,0
44,43547,81,9,1657,13,3,1,5,phone,clothing,0
71,44767,19,8,790,11,1,0,5,sms,books,0
35,43610,11,11,5019,15,4,0,1,sms,electronics,0
72,96786,4,7,665,12,4,1,1,phone,home,0
55,69991,31,10,125,10,2,1,1,sms,clothing,1
36,25000,32,7,2645,14,2,1,5,sms,electronics,0
54,72659,91,16,1556,14,8,1,5,phone,home,2
59,55096,12,7,3958,12,8,1,5,email,electronics,1
54,48473,23,12,454,10,6,1,1,phone,electronics,0
21,38827,82,5,856,14,7,0,2,email,books,0
34,96227,86,7,765,8,1,1,3,phone,books,0
41,86553,24,11,2789,14,6,0,3,sms,books,1
43,30830,30,8,2102,8,5,0,3,sms,books,1
54,62581,18,11,1359,9,7,1,3,sms,electronics,0
47,27364,134,6,1368,15,11,1,1,sms,clothing,0
24,25000,6,9,346,18,1,1,2,email,clothing,0
50,33656,135,7,2365,10,5,0,1,email,home,1
54,82243,57,5,2414,12,5,0,3,sms,electronics,1
53,86844,37,8,10000,13,5,0,6,phone,electronics,1
61,66692,1,4,1755,13,3,1,4,sms,home,1
57,75739,32,4,2064,9,4,1,5,email,home,0
51,66816,26,4,1767,11,6,1,3,email,home,2
43,33359,8,12,546,13,7,1,1,phone,electronics,2
20,63522,53,6,3825,18,7,1,2,phone,books,0
51,79240,177,9,1037,9,2,1,5,email,clothing,0
48,77078,41,8,904,13,5,0,7,phone,home,0
49,100042,62,4,958,15,8,0,5,email,electronics,1
25,74980,3,10,1026,10,6,1,3,email,electronics,0
28,60528,27,13,674,14,8,1,4,email,clothing,0
60,93161,6,7,1359,12,4,1,2,phone,electronics,0
44,48246,47,6,995,12,4,1,3,sms,books,0
55,28879,139,11,914,15,3,0,4,email,home,0
45,44451,54,6,1789,11,2,1,1,email,books,0
45,31352,3,8,1182,12,4,1,4,sms,clothing,1
59,32692,21,6,630,12,5,1,4,sms,home,0
37,44949,39,13,511,14,5,1,1,email,electronics,1
46,30471,25,7,1210,13,3,0,0,email,electronics,0
38,40750,89,5,519,15,4,0,2,email,clothing,0
38,25000,84,8,483,21,3,0,3,email,electronics,0
40,55713,47,5,490,19,9,0,4,sms,electronics,0
48,49056,23,12,1415,12,2,0,3,mail,clothing,0
37,30023,14,11,3617,12,7,1,3,sms,home,2
63,72805,5,11,1552,21,5,1,2,mail,home,1
31,86037,21,8,2661,16,6,1,3,phone,clothing,0
42,25000,26,5,1022,19,5,1,4,sms,electronics,2
38,31019,56,9,1264,15,11,0,6,email,electronics,1
66,30900,53,12,5727,14,3,1,3,email,clothing,2
47,27890,3,14,2511,6,3,1,5,sms,electronics,0
60,80634,25,4,2799,7,5,0,3,email,electronics,1
22,43638,10,6,842,8,5,1,3,email,books,0
49,41826,8,11,1090,10,3,1,2,sms,books,1
58,25000,87,9,1645,14,6,1,3,email,electronics,0
46,71772,2,10,598,12,5,1,2,phone,home,1
60,25000,27,5,103,11,6,0,2,email,home,0
37,50815,9,4,1630,10,2,1,5,sms,clothing,1
66,57897,105,5,2867,15,5,0,4,email,electronics,1
79,110901,40,8,1158,16,6,0,0,phone,home,0
39,25000,13,12,604,14,2,1,2,email,books,0
38,25000,34,6,787,11,8,1,4,sms,electronics,1
66,54737,65,16,144,12,5,1,5,sms,books,0
68,144394,158,5,785,16,5,1,2,email,clothing,0
37,103091,12,7,359,14,12,1,2,email,books,1
38,55592,108,10,544,15,4,1,4,email,clothing,1
40,36498,136,7,341,10,7,1,3,phone,clothing,0
24,79560,124,10,304,6,5,1,4,phone,books,0
31,27333,50,6,401,12,3,1,2,email,books,1
29,65239,49,8,2064,16,8,1,4,sms,electronics,1
33,66388,25,10,658,18,3,1,2,sms,electronics,0
44,92607,69,5,362,17,3,0,0,email,clothing,0
48,250000,37,6,2330,11,6,0,3,phone,clothing,0
68,62034,56,10,1247,10,4,1,3,phone,electronics,2
30,36120,27,3,103,17,7,1,5,phone,books,0
59,48274,65,1,2967,10,5,1,6,email,electronics,0
41,25000,86,5,1178,15,4,1,2,email,books,0
44,32311,7,14,2369,12,3,0,10,email,home,0
55,38346,89,8,875,9,3,1,3,phone,electronics,1
28,35794,38,7,5457,9,6,1,1,sms,books,0
50,53713,93,7,748,14,4,1,5,email,home,0
47,29927,28,11,100,9,3,1,3,email,electronics,0
52,96049,23,8,450,10,7,0,2,email,home,0
49,49026,123,2,1811,15,2,1,2,sms,books,1
80,48748,14,14,1285,10,7,1,6,email,books,0
35,40266,92,9,970,16,3,1,1,phone,electronics,1
37,53804,33,5,408,15,6,1,2,sms,books,0
35,80423,36,11,1117,13,5,1,5,sms,clothing,0
36,29135,18,7,1080,15,4,1,2,sms,books,0
35,33028,42,6,1069,16,3,1,4,email,home,2
62,40854,19,9,1877,8,4,0,3,sms,clothing,0
66,25000,2,9,1315,14,6,1,3,sms,electronics,1
36,29984,15,7,852,11,6,0,3,sms,electronics,0
32,36837,1,5,402,15,3,1,1,email,electronics,0
52,82837,191,6,4272,22,3,1,1,email,home,0
36,57384,168,7,7955,13,4,1,4,sms,electronics,2
54,55058,25,13,6274,16,7,0,4,mail,clothing,0
48,81677,65,7,2206,11,5,0,2,sms,clothing,0
22,45142,21,8,205,9,6,0,4,sms,home,2
68,61962,55,2,181,16,4,0,2,phone,clothing,0
71,46076,81,8,633,21,2,0,2,email,home,0
35,57481,146,4,1038,6,4,1,3,sms,books,0
39,34556,25,10,996,6,6,1,3,sms,home,0
49,25000,76,11,1331,7,6,1,2,sms,electronics,0
50,45226,15,7,272,9,7,0,2,mail,electronics,0
54,115110,231,11,5472,17,6,1,2,email,electronics,1
75,85453,1,10,4940,13,2,0,1,email,clothing,0
42,87486,46,11,295,13,6,0,2,mail,books,2
33,102917,53,12,170,12,5,1,3,email,electronics,0
24,51699,58,7,1002,17,3,0,1,sms,electronics,0
34,55181,6,7,3874,17,6,1,3,sms,books,0
44,33840,139,8,1061,11,6,1,1,email,electronics,0
71,40552,9,10,1422,13,11,1,1,sms,clothing,0
37,70930,48,11,706,5,5,1,3,email,electronics,0
48,100944,12,10,1269,11,7,0,4,sms,books,1
44,45086,18,9,2819,15,5,1,7,email,clothing,2
62,37417,39,3,1655,11,4,0,2,sms,books,0
80,49036,26,7,1949,13,1,0,3,sms,electronics,1
37,70313,8,3,207,8,7,0,2,phone,electronics,1
37,25000,9,10,9304,8,5,1,4,sms,home,0
60,25000,27,7,210,15,4,1,1,mail,books,0
55,35230,70,6,1282,11,6,1,3,sms,books,2
72,25000,114,11,943,10,1,1,6,mail,books,1
53,36138,4,7,985,18,3,1,1,phone,electronics,2
39,44861,24,12,2617,6,5,1,4,phone,home,0
53,37348,5,4,540,11,8,1,3,email,home,0
61,117181,1,8,711,10,5,1,3,mail,books,0
57,59637,54,8,348,14,2,1,2,email,home,2
52,58705,46,4,3368,6,11,1,3,email,electronics,0
61,71205,8,11,1430,12,8,1,4,email,books,0
62,25000,13,7,2073,12,3,1,1,email,home,0
65,91442,1,8,2470,14,7,0,3,mail,clothing,0
54,46842,90,11,8033,13,5,0,4,email,electronics,0
42,73297,183,3,6747,12,3,1,4,mail,books,0
47,25767,7,10,1514,12,10,1,3,phone,electronics,0
63,25000,13,11,1284,11,6,1,2,sms,home,0
32,80076,101,3,644,15,7,1,4,phone,electronics,0
50,61441,130,10,2308,9,2,0,6,email,books,0
39,28531,27,9,2224,13,4,1,3,phone,clothing,0
45,29091,2,8,528,12,8,1,7,phone,electronics,0
64,96303,2,9,2252,16,6,1,3,email,home,1
47,25000,42,7,3005,4,4,0,2,email,books,0
45,131347,24,6,357,10,7,1,2,email,clothing,0
24,28556,1,10,1325,12,5,0,5,email,electronics,0
56,71900,43,12,1026,13,5,1,4,sms,books,0
54,40248,1,8,1090,18,4,1,1,email,home,0
77,70397,77,9,422,14,7,1,3,sms,books,0
40,35366,18,11,176,17,7,1,1,mail,books,1
48,44459,2,9,515,11,5,1,5,email,electronics,1
48,50239,44,6,447,6,2,0,4,phone,home,0
68,26867,25,8,1561,19,5,1,0,email,books,0
43,76457,182,6,1586,14,1,0,2,email,clothing,1
49,36028,39,9,1499,14,3,0,2,sms,clothing,0
54,42737,16,7,271,17,11,1,3,email,books,0
47,26994,61,7,357,16,4,1,6,email,home,1
38,25000,15,6,591,16,6,1,3,email,books,0
47,43712,117,9,1122,8,5,0,3,sms,home,1
61,208473,23,13,784,8,11,1,3,sms,clothing,0
29,78492,39,5,1496,8,5,1,3,mail,books,0
46,48457,2,2,2908,9,7,0,2,mail,home,1
34,41867,27,5,403,12,6,1,1,email,electronics,0
62,49686,89,6,419,9,6,0,1,email,clothing,0
22,68068,81,9,1255,14,7,1,2,email,books,0
36,25000,12,11,1010,17,6,1,1,phone,home,0
50,95663,12,9,2306,14,5,1,4,phone,electronics,0
68,75299,84,5,1104,16,2,0,5,email,electronics,0
44,75426,133,10,6251,11,3,1,5,email,electronics,2
36,63773,5,5,224,8,2,0,2,email,clothing,1
73,49601,29,14,2540,7,4,1,4,sms,electronics,0
23,73402,20,5,1338,12,6,0,2,mail,books,1
18,69918,102,8,269,5,2,1,4,email,home,0
51,39639,4,6,138,9,6,0,4,email,books,0
37,34746,11,13,356,15,6,1,7,email,electronics,0
29,52110,69,8,3674,9,7,1,2,sms,home,1
55,124170,2,6,3278,11,5,0,2,mail,books,0
48,25000,33,7,964,14,2,0,9,email,electronics,0
36,25000,29,5,763,8,2,1,4,email,clothing,1
25,54114,20,11,465,14,7,0,5,email,home,0
58,50540,25,11,909,6,3,1,1,phone,books,0
54,54393,37,9,682,10,8,1,0,sms,books,0
43,56747,8,5,6062,9,3,1,4,phone,electronics,0
72,42876,42,11,318,7,3,1,3,mail,home,0
28,119840,81,6,1623,17,6,1,1,email,clothing,0
22,25000,71,10,6355,19,6,1,6,sms,home,0
34,29819,8,4,2379,14,4,1,1,email,books,0
44,46075,8,7,356,13,5,1,0,email,electronics,0
48,25000,15,11,234,10,7,0,1,sms,electronics,2
41,44112,22,10,1442,11,5,1,1,mail,electronics,0
50,132837,26,7,1274,10,5,1,6,sms,electronics,1
26,49638,56,10,3760,12,5,1,3,sms,electronics,1
66,56298,2,8,1897,7,4,1,2,sms,books,0
43,25000,1,3,675,11,6,1,7,email,books,0
61,33866,24,7,630,10,2,1,4,sms,books,0
50,39139,59,6,297,19,4,1,2,sms,books,1
51,40512,10,8,1248,5,5,1,2,phone,home,0
53,105766,51,9,269,18,7,1,3,phone,home,0
51,68501,15,10,2724,11,3,0,1,sms,electronics,0
54,25162,108,12,1976,8,9,1,1,sms,books,0
64,56834,113,10,1914,8,2,1,2,email,electronics,0
47,66100,17,7,292,7,3,1,3,sms,electronics,2
55,97157,13,7,943,11,6,1,3,sms,books,0
43,126541,26,13,742,12,5,1,6,email,clothing,0
66,26660,13,8,1215,7,7,1,8,sms,home,1
34,30136,55,13,1860,16,2,1,2,email,clothing,1
72,25000,87,5,656,15,8,0,2,email,electronics,0
44,42599,55,7,681,13,7,1,2,phone,home,0
23,64848,86,9,2164,15,2,1,1,mail,electronics,0
46,88645,25,3,354,15,6,0,3,email,electronics,0
34,46837,8,11,519,9,3,1,1,sms,electronics,0
57,40460,66,5,1103,9,4,0,4,phone,home,0
35,53693,22,6,2696,13,5,0,4,sms,clothing,0
38,29700,55,8,416,8,4,0,4,sms,clothing,2
18,171737,15,4,6566,10,6,1,2,sms,home,0
38,25000,4,5,284,10,5,0,1,sms,books,0
18,54767,245,15,5168,13,6,1,2,sms,home,2
21,165076,8,4,3639,11,3,1,2,email,clothing,1
56,49221,222,5,262,11,4,1,5,email,home,0
56,43738,189,14,214,12,3,1,3,email,home,0
51,39558,78,5,2252,8,4,1,2,sms,clothing,2
30,43992,53,12,751,16,4,1,6,email,clothing,0
44,111715,43,13,400,10,5,1,4,email,home,1
44,25000,100,5,6712,13,4,0,4,sms,books,1
27,123014,17,6,332,13,6,1,2,sms,books,0
67,25000,31,8,530,13,5,1,1,sms,home,1
58,41773,48,8,596,14,7,1,2,email,books,2
41,37890,26,6,100,13,5,1,5,email,electronics,0
45,69782,27,3,1201,8,5,1,3,email,clothing,0
48,25000,20,10,440,17,6,0,4,email,books,1
18,64686,41,6,2466,18,3,1,1,email,electronics,0
41,165146,95,7,2810,14,7,1,4,email,clothing,1
34,25000,11,4,1382,9,6,1,5,email,home,0
29,54930,136,7,1398,8,7,1,3,phone,electronics,0
40,32952,58,10,1291,9,7,1,1,email,electronics,0
71,63293,86,4,544,11,5,1,3,email,home,0
54,49587,40,10,592,15,5,1,2,sms,books,0
36,33359,75,7,4118,11,5,1,5,sms,electronics,0
53,65691,1,11,2287,15,7,1,3,sms,home,0
65,144727,85,9,1347,17,3,1,2,phone,books,0
58,43715,2,7,1998,11,6,0,3,mail,clothing,1
45,75497,110,9,1031,11,6,1,1,mail,clothing,1
35,25000,241,6,1319,5,3,1,1,phone,electronics,0
55,27615,17,8,1987,12,8,1,4,phone,home,0
50,65084,11,6,137,13,7,1,5,email,clothing,0
58,119428,72,8,2713,14,3,1,1,sms,books,0
54,60679,14,10,2525,9,4,1,3,phone,home,0
60,40626,100,9,502,10,2,0,3,mail,electronics,1
36,48999,5,7,3805,8,4,1,2,phone,electronics,0
64,25000,6,13,119,10,3,1,2,mail,electronics,1
47,70453,193,9,1560,4,5,1,4,sms,electronics,1
76,83233,56,10,1141,20,6,1,4,mail,books,0
34,37374,93,7,804,15,6,1,1,email,books,0
71,36974,19,9,1118,9,4,1,2,email,electronics,0
47,57499,56,7,1963,10,4,0,3,sms,electronics,0
35,37720,45,9,180,8,5,1,0,sms,electronics,0
37,47113,46,10,2983,21,8,1,1,email,home,0
40,172790,57,6,727,8,5,1,7,sms,books,0
51,42267,42,6,3027,12,8,1,3,phone,books,0
52,39537,28,1,2087,15,2,0,2,email,clothing,0
36,33238,16,10,712,8,7,0,7,phone,clothing,0
44,76612,73,5,1013,13,11,0,4,mail,electronics,0
77,43970,12,13,1074,12,4,0,1,phone,home,0
70,33202,58,13,5465,18,6,1,3,sms,home,0
51,108313,13,11,350,13,3,0,2,email,books,1
45,114893,49,9,707,11,3,1,3,sms,books,1
46,34191,68,7,225,12,1,0,10,mail,clothing,0
54,25000,12,6,1241,10,3,1,4,phone,electronics,0
29,89725,3,9,587,3,6,1,1,email,electronics,1
41,32507,7,8,663,7,3,1,2,sms,clothing,0
19,78776,46,6,4840,8,2,1,3,mail,electronics,0
50,25000,94,10,481,17,6,1,2,email,electronics,1
54,83747,2,9,934,15,4,0,2,phone,books,0
37,25000,66,7,693,15,3,1,2,email,home,0
68,75997,20,10,738,9,6,1,2,phone,home,2
26,49442,32,8,10000,11,2,0,2,phone,electronics,0
23,27657,132,6,193,13,3,1,7,mail,electronics,2
48,38398,20,7,2088,11,10,0,3,phone,books,0
60,73997,31,10,10000,21,7,1,0,phone,home,0
70,52236,1,5,3226,13,4,0,5,sms,home,0
38,69608,4,9,1149,15,1,0,2,email,home,1
61,160470,14,5,339,14,3,1,4,sms,books,0
44,25000,1,8,4043,8,7,1,2,sms,electronics,0
42,129356,49,4,2799,13,7,1,3,email,electronics,1
58,52188,27,7,237,9,3,0,3,email,electronics,0
54,28587,39,5,796,12,7,1,8,phone,books,0
21,25000,9,16,328,13,2,1,5,email,electronics,0
67,43762,17,2,100,12,5,1,7,email,books,1
65,85219,54,8,320,10,2,1,3,mail,books,1
35,45409,168,9,1218,23,4,1,2,phone,electronics,0
50,121381,2,11,1959,21,5,0,4,sms,home,0
52,25000,110,8,793,19,3,1,4,email,clothing,0
48,48666,43,6,4333,12,4,0,3,mail,home,0
36,25000,41,11,3070,10,5,1,3,sms,home,0
34,60972,34,7,967,16,2,0,0,sms,electronics,0
44,83460,3,10,851,17,5,1,3,email,clothing,2
62,38083,4,10,1607,22,6,0,1,phone,electronics,1
53,25000,45,8,1077,13,2,1,1,phone,home,0
39,55235,20,7,263,12,5,0,3,sms,clothing,0
56,63706,124,3,816,13,5,1,2,sms,home,0
18,62478,26,13,2133,15,7,0,3,email,electronics,0
62,102895,7,7,4083,14,8,1,3,mail,books,0
18,25780,62,7,2864,13,7,1,1,mail,home,0
39,73727,17,12,1531,6,4,1,3,phone,books,1
28,100258,37,5,4709,11,7,0,3,email,electronics,0
25,25000,59,7,1675,17,6,0,4,sms,books,2
62,59384,115,7,1003,6,7,1,1,phone,electronics,0
37,36224,78,6,4811,16,5,0,1,sms,electronics,0
50,46680,56,9,2253,14,5,0,2,sms,clothing,0
44,60391,56,6,4031,11,5,1,2,email,electronics,0
52,36594,145,7,334,10,7,0,2,sms,home,2
46,32681,17,11,463,15,5,0,3,phone,clothing,0
25,50035,1,10,484,14,2,1,0,mail,books,2
59,25531,15,4,1315,12,4,1,6,email,electronics,0
37,25552,12,11,6797,13,7,0,2,email,electronics,0
21,73690,54,9,351,15,7,1,5,sms,electronics,0
38,25000,50,11,2711,12,6,1,0,email,electronics,1
67,73114,45,4,329,17,3,1,2,sms,clothing,0
57,64702,1,7,9113,12,1,0,5,email,books,2
39,25000,65,7,222,11,4,1,4,phone,home,0
39,32645,19,12,2299,15,9,1,2,sms,clothing,0
40,100354,54,7,2644,13,5,1,2,phone,electronics,0
76,27208,40,14,2038,15,4,0,3,mail,electronics,0
50,37099,20,7,456,11,4,0,1,email,home,0
51,64681,7,3,381,12,7,1,3,email,books,1
60,78435,4,9,3914,14,4,1,6,phone,home,0
48,42153,89,13,3128,9,6,1,2,sms,electronics,0
41,34251,125,6,3086,10,2,1,3,phone,electronics,0
42,115084,52,5,3484,10,7,1,1,email,electronics,0
43,139154,5,6,236,5,3,1,0,mail,home,0
44,88195,25,5,229,11,3,0,2,phone,electronics,0
55,51595,65,5,560,11,6,1,3,email,books,1
45,30183,75,6,678,17,4,1,6,phone,clothing,0
55,29784,6,15,610,12,7,1,1,email,clothing,1
43,67071,1,7,1447,7,6,1,2,email,electronics,0
46,63009,62,9,3345,11,8,1,4,email,books,0
18,113659,22,10,817,11,3,1,3,email,electronics,0
58,72422,14,10,485,6,5,0,6,email,home,1
50,25000,1,7,2472,11,6,1,2,phone,electronics,1
59,92149,38,9,827,15,3,1,4,sms,electronics,0
18,26934,95,6,1220,17,4,0,6,sms,clothing,0
76,38933,158,7,786,13,8,1,2,email,home,1
42,56960,41,9,1540,9,4,0,3,mail,electronics,1
61,162332,36,7,397,11,4,1,1,sms,clothing,1
29,250000,4,5,2267,12,4,1,6,mail,electronics,0
54,70546,39,9,1061,9,4,1,4,email,electronics,0
29,43918,23,5,510,13,8,1,2,sms,books,1
35,67555,46,8,1864,11,7,1,4,email,electronics,0
73,83499,24,5,510,9,7,1,4,sms,books,0
42,40441,13,12,533,6,5,0,2,email,home,0
48,143936,4,6,329,15,7,1,5,email,home,0
58,56277,18,9,199,13,4,0,2,phone,electronics,2
52,66081,5,1,1871,10,7,0,2,phone,clothing,2
47,73097,9,9,3517,11,2,0,3,phone,home,0
50,63130,218,8,698,11,2,0,4,email,home,0
80,81094,29,10,493,24,5,1,2,phone,electronics,1
44,33848,37,10,179,10,5,1,3,mail,clothing,0
48,35067,103,5,124,6,8,0,5,sms,home,0
60,25334,270,12,2268,4,6,1,4,phone,clothing,0
61,63812,43,3,152,16,5,0,2,phone,home,0
62,78226,83,6,349,7,8,1,4,email,clothing,0
54,64515,19,6,1455,8,5,1,2,email,electronics,0
27,133879,18,8,1199,10,7,0,3,email,electronics,0
69,48856,25,4,1517,18,4,1,2,phone,electronics,1
27,73221,55,8,1104,14,7,1,2,sms,electronics,2
49,25462,57,7,767,11,6,1,4,phone,home,1
33,38860,18,6,351,11,5,0,0,email,books,0
44,74408,7,5,581,14,3,1,1,phone,books,0
49,81589,50,12,821,13,5,1,6,email,books,1
49,41094,6,14,165,14,5,0,3,sms,clothing,2
51,46959,43,10,499,10,4,0,4,email,electronics,0
69,25000,59,7,755,15,1,1,6,phone,home,0
51,39568,60,3,550,10,6,0,4,sms,clothing,0
41,83636,70,4,778,12,6,0,3,email,clothing,0
59,69225,103,14,2140,9,7,1,2,email,home,0
62,66197,34,6,2419,17,8,1,6,phone,clothing,2
26,50506,65,10,4970,12,7,0,8,email,home,0
53,49228,48,10,242,15,1,0,5,phone,home,0
55,32984,10,10,720,13,5,1,2,sms,electronics,2
40,74555,1,9,3742,8,4,0,1,email,electronics,0
65,63106,16,9,191,11,8,1,6,phone,home,1
42,65855,29,5,338,15,3,1,3,mail,clothing,0
46,35752,47,8,592,12,1,1,1,phone,electronics,2
42,25000,94,6,8470,10,2,0,2,mail,clothing,0
45,94683,10,10,413,7,3,1,1,email,books,2
28,36779,6,11,3241,8,7,0,5,sms,home,0
23,29211,165,9,1066,17,4,1,3,sms,home,0
68,74316,5,8,348,14,7,1,2,sms,home,0
32,38746,32,9,10000,13,11,0,4,email,home,0
30,92592,44,5,1332,11,3,1,5,email,electronics,0
18,70983,38,12,1597,8,7,1,3,email,books,2
35,73875,4,5,1871,6,5,0,2,mail,electronics,0
25,25000,2,10,1731,9,9,0,6,phone,electronics,0
69,101434,5,9,9433,12,5,0,0,mail,home,0
60,57339,44,14,6541,12,7,1,2,email,clothing,1
34,39278,39,11,431,17,4,1,6,email,home,0
78,53424,13,10,8256,8,3,1,3,email,electronics,2
59,25000,50,14,544,6,5,0,4,phone,home,0
40,62642,85,10,1513,11,4,0,1,sms,electronics,0
18,26433,2,8,256,14,8,1,4,email,electronics,0
79,25000,34,7,3092,5,4,1,2,mail,clothing,1
24,25000,58,10,806,11,3,1,1,email,clothing,1
20,95569,14,6,347,13,5,1,2,sms,clothing,1
60,33605,18,8,3599,6,2,1,3,sms,home,0
80,123036,47,7,4611,11,6,0,3,email,books,0
65,35543,114,12,4770,8,6,1,3,email,electronics,2
53,25000,83,4,239,10,3,1,4,email,electronics,0
53,25086,43,11,5289,15,4,0,3,email,clothing,0
57,102897,65,10,811,12,5,1,4,mail,clothing,1
56,44643,22,8,8531,16,7,0,3,mail,books,0
49,35278,51,8,2048,10,6,1,1,sms,electronics,1
46,53960,31,13,1409,14,3,1,1,sms,home,0
44,66241,10,11,1106,14,6,1,1,email,electronics,2
33,95840,60,9,1081,7,3,1,4,email,books,1
40,116902,40,6,555,12,6,1,3,sms,books,1
19,39503,22,2,376,13,2,1,7,phone,electronics,0
43,25000,121,11,763,7,3,0,7,sms,home,0
30,38250,1,7,3607,9,4,1,4,sms,books,1
28,57306,18,15,271,17,11,0,4,phone,books,0
47,27494,2,6,4190,12,5,1,3,email,clothing,1
65,27603,72,8,1265,20,4,0,10,sms,home,0
58,60250,60,5,2395,16,3,0,3,phone,books,0
21,47610,20,10,2522,8,2,0,4,sms,clothing,0
30,49994,56,5,2774,12,7,1,2,phone,electronics,0
59,31098,25,4,1121,9,4,1,5,email,electronics,1
30,42691,70,5,1155,14,1,0,2,email,electronics,1
41,28154,30,9,2681,6,0,0,3,sms,home,0
53,83626,26,10,387,11,6,1,2,phone,clothing,0
30,91230,136,10,332,13,5,0,3,phone,home,1
46,25000,14,4,689,7,5,1,4,phone,electronics,1
24,28065,6,11,1462,14,9,0,2,phone,clothing,0
35,25000,43,9,7486,13,1,1,5,email,home,0
49,33189,174,6,1150,11,2,0,3,email,electronics,1
21,46627,23,12,8104,12,5,1,3,email,books,0
51,25000,3,8,1836,9,4,1,4,email,home,1
44,28194,20,7,696,18,5,0,4,phone,home,1
53,26839,35,5,3453,12,8,1,4,email,home,1
48,55512,8,10,860,11,7,1,0,email,home,2
65,51103,53,9,1409,11,5,0,2,email,books,1
